koi_period,koi_duration,koi_depth,koi_prad,koi_teq,koi_insol,koi_steff,koi_slogg,koi_srad,koi_disposition
2.1713484,2.0172196,656.8860989,5.8181633,3127.2040524,22601.9485814,10249.0,4.19,2.16986,FALSE POSITIVE
1.8675574,1.408,1500.0,23.7529,2037.0,2860.61,8924.0,,5.73,FALSE POSITIVE
2.74323,3.167,383.41,,1631.0,1177.36,5388.5,4.15,,FALSE POSITIVE
3.5730141,3.37,755.0,11.3113,4260.0,54679.3,9219.0,4.14,2.15,FALSE POSITIVE
4.5505945,2.654,3731.0,7.10841,1257.0,414.775,5613.0,,1.09,FALSE POSITIVE
2.5047918,4.3797563,2270.5402194,8.6950898,1649.8220699,1750.932635,6616.0,,1.53429,FALSE POSITIVE
2.0483755,2.767,483.0,3.19621,,5644.4,6858.5,4.2,1.57,FALSE POSITIVE
0.6808702,2.4634563,1507.8006889,5.9115908,4382.0266062,87140.6995884,9438.0,,1.0,FALSE POSITIVE
5.4255548,3.9637474,14939.6342222,,1037.2753045,273.5880696,8868.7,,,FALSE POSITIVE
1.4095184,0.9484999,2841.5103258,,1625.6180218,1650.422071,9307.0,,,FALSE POSITIVE
1.3730466,2.5708515,1301.5065338,42.1479417,1912.3318636,3160.6328329,4897.0,,6.7996101,FALSE POSITIVE
12.6889415,7.9201001,3232.8527885,14.0608342,1158.1310368,425.1594177,7601.0,4.31,1.53641,FALSE POSITIVE
1.10422,2.37,14177.7,21.0448,3926.0,39459.3,6995.2,4.07,1.61,FALSE POSITIVE
4.95912,2.509,7440.0,22.9123,1419.0,673.55,5889.0,3.86,2.0,FALSE POSITIVE
3.28892,3.793,10518.9,,3661.0,29832.6,8734.2,4.1,,FALSE POSITIVE
1.90879,1.909,618.482,3.34688,1561.0,985.807,6022.6,4.52,1.22,FALSE POSITIVE
1.3214483,3.435,2180.0,21.8839,3827.0,35623.2,5050.8,3.56,2.99,FALSE POSITIVE
18.0157,2.524,610.0,21.644,463.0,7.64364,4709.0,,7.61,FALSE POSITIVE
14.2628757,6.9350494,913.2067174,2.4765813,980.3628831,153.2069421,5690.0,4.58,0.853898,FALSE POSITIVE
1.01606,2.843,240.0,1.20704,2023.0,2784.04,4634.0,4.64,0.68,FALSE POSITIVE
36.22214,5.107,7170.0,,,,,,,FALSE POSITIVE
12.1246519,4.612,7279.0,17.6729,1057.0,207.32,4807.6,4.17,1.07,FALSE POSITIVE
5.652623,3.434,1250.0,8.94354,2011.0,2717.06,6415.4,3.98,1.92,FALSE POSITIVE
29.0160175,5.345,1389.0,6.77406,,33.2234,6113.1,,2.01,FALSE POSITIVE
3.6404389,2.5339234,476.3077321,3.7025342,2783.098027,9941.2265514,9810.0,4.43,1.60776,FALSE POSITIVE
1.2025238,1.991,390.0,6.31106,5952.0,208477.0,9158.0,4.32,1.74,FALSE POSITIVE
3.2235985,2.159,680.0,5.51341,,2064.8,8904.0,4.09,2.17,FALSE POSITIVE
2.55555,1.566,340.0,11.5901,2145.0,3520.68,10037.0,,6.04,FALSE POSITIVE
8.30792,3.228,8350.0,43.1068,1924.0,2276.25,9081.0,3.83,3.05,FALSE POSITIVE
1.4415577,2.349,507.0,3.61078,3174.0,16861.8,6902.0,4.25,1.52,FALSE POSITIVE
3.7039994,4.277,7590.0,17.57,2149.0,3546.13,7013.8,4.21,1.9,FALSE POSITIVE
1.3042553,1.706,914.0,9.36472,3569.0,26944.7,6762.0,4.11,1.75,FALSE POSITIVE
0.62627,0.666,1880.0,5.72162,2101.0,3235.57,5622.0,4.5,0.93,FALSE POSITIVE
0.30412,0.748,1330.0,10.417,6413.0,280833.0,11892.0,4.14,2.52,FALSE POSITIVE
9.139804,3.0912936,358.4157801,3.0629855,1006.9932829,243.011763,5958.2,4.34,1.58,CONFIRMED
5.742625,2.860293,1105.760867,13.088532,,,5664.0,3.26574,3.86959,FALSE POSITIVE
15.5077855,4.565,513.0,2.43432,853.0,88.0718,6122.0,4.30881,1.17,CONFIRMED
17.4713078,4.4284819,1199.7541483,3.5766828,689.3568807,53.3700317,5783.54,4.49925,0.974669,CONFIRMED
0.540933,1.674337,257.347459,2.28501,,,5525.0,4.25342,1.21935,FALSE POSITIVE
4.1150576,1.08,487.0,2.30057,826.0,77.3573,5394.0,4.50942,0.89,CONFIRMED
6.4438657,1.9309449,1121.9512275,2.460344,712.2812841,60.831305,4803.0,4.52079,0.737189,CONFIRMED
12.2265595,2.1904379,1206.3693293,2.6014766,575.3502049,25.8970378,4803.0,4.52079,0.737189,CONFIRMED
2.9776152,3.25697,43218.111683,26.88423,1386.5,873.27,5740.0,4.29219,1.28,FALSE POSITIVE
12.8379689,9.8464123,10539.0192794,25.4886382,1225.0,374.129,5765.0,4.34773,2.4494,FALSE POSITIVE
3.9228016,1.8736007,31510.9004906,13.3368705,788.0973496,91.167589,4444.0,4.438,0.6983,CONFIRMED
0.6047392,1.0403847,1027.6833479,1.8625587,1222.5973095,528.0253155,4046.0,4.60963,0.580337,CONFIRMED
0.5182425,0.8565249,831.8920424,1.3485121,1019.3295979,255.1405815,3325.0,4.88693,0.390989,CONFIRMED
9.30992,3.464,2220.0,14.2968,1067.0,215.208,6907.0,3.63,3.09,FALSE POSITIVE
4.73703,3.902,2410.0,25.7144,4243.0,53821.0,11600.0,4.13,2.48,FALSE POSITIVE
2.19296,4.586,4933.74,22.7769,3722.0,31883.5,7009.8,3.6,2.95,FALSE POSITIVE
1.1923,3.119,3730.0,30.666,3958.0,40771.2,6534.0,3.95,2.04,FALSE POSITIVE
11.47606,6.083,3050.0,,,,,,,FALSE POSITIVE
0.9209526,1.8602735,360.8801529,5.7349089,3430.7622437,32740.3629399,6553.0,3.65,2.8908899,FALSE POSITIVE
9.188506,2.492,460.0,2.16591,786.0,63.4589,5876.0,4.48,0.98,CONFIRMED
13.9028391,2.1264429,647.2701039,2.6136848,756.6987586,77.4841883,5876.0,4.48,0.983215,CONFIRMED
10.1826983,2.8275109,667.4752458,3.0538057,957.1991659,198.394783,6153.0,4.34814,1.14582,CONFIRMED
6.441006,1.812,914.0,2.56374,853.0,87.8902,4867.0,4.438,0.8,CONFIRMED
20.0731588,3.8449215,1152.9645461,4.0506906,736.1368293,69.3993155,6033.0,4.37,1.14849,FALSE POSITIVE
2.66903,1.548,3110.0,9.36823,1268.0,429.86,5803.5,4.07,1.56,FALSE POSITIVE
6.63371,2.122,1555.34,2.75375,610.0,22.9987,4138.1,4.54,0.63,FALSE POSITIVE
341.2811281,6.303026,972.5797241,4.7531892,846.173434,121.1597998,6058.6,4.2,1.39203,FALSE POSITIVE
4.0782392,4.8475616,6046.6959687,13.898174,1617.8267296,1619.0081232,6501.0,4.08,1.74836,CONFIRMED
7.14386,1.467,11146.4,22.1531,,,7860.0,4.15,1.91,FALSE POSITIVE
7.04083,2.979,1580.0,8.46404,1505.0,852.336,5317.0,4.49,0.91,FALSE POSITIVE
2.4545635,2.321,4248.0,11.1276,1899.0,2162.73,6610.0,4.15,1.64,FALSE POSITIVE
11.4756978,0.808,8341.0,14.1098,512.0,11.4585,7262.0,4.0,2.13,FALSE POSITIVE
2.78186,2.456,490.0,4.92567,1680.0,1323.21,6819.0,3.92,2.21,FALSE POSITIVE
6.4410082,1.798,7076.0,4.59203,471.0,8.2114,3469.0,4.71,0.53,FALSE POSITIVE
4.13812,3.911,5560.0,,1386.0,613.964,4898.4,,,FALSE POSITIVE
1.66226,3.321,6030.0,13.3343,2561.0,7149.89,7301.0,4.23,1.64,FALSE POSITIVE
4.07611,2.062,1454.18,,,,,,,FALSE POSITIVE
3.6245513,3.042,1299.0,4.3503,,919.571,6317.0,,1.38,FALSE POSITIVE
1.6268695,3.231,1502.0,2.36498,1850.0,1946.23,5034.0,4.64,0.73,FALSE POSITIVE
2.32439,4.453,2704.18,,4502.0,68217.5,8268.5,3.93,,FALSE POSITIVE
13.5499,1.795,1180.0,6.24633,660.0,31.6652,6209.0,4.09,1.63,FALSE POSITIVE
4.43651,3.365,1520.0,19.9664,2653.0,8233.41,7101.9,3.91,2.32,FALSE POSITIVE
8.34998,1.836,16680.0,11.1424,588.0,19.9348,4236.0,4.52,0.74,CONFIRMED
4.0686405,1.8373729,2650.0950013,3.7548333,772.378302,84.108766,4236.0,4.52,0.741921,CONFIRMED
1.5502952,2.938,411.0,3.34528,2839.0,10796.6,7851.0,4.17,1.86,FALSE POSITIVE
1.80709,3.297,450.0,4.86242,2569.0,7233.01,6244.0,3.84,2.2,FALSE POSITIVE
18.6922101,7.765,11126.0,18.1458,1141.0,282.175,6277.0,4.09,1.65,FALSE POSITIVE
8.0277326,4.284,5705.0,9.06883,1106.0,248.619,5962.7,4.38,1.15,CONFIRMED
12.5187279,5.38,2320.0,5.58857,1393.0,626.362,5729.0,4.47,0.98,CONFIRMED
6.2586065,3.201,813.0,2.51593,1087.0,232.392,5729.0,4.47,0.98,CONFIRMED
26.3208756,4.414,800.0,2.71349,631.0,26.4328,5729.0,4.47,0.98,CONFIRMED
18.795547,4.3425576,470.6731965,2.1597669,672.9826313,48.477077,5729.0,4.47,0.977727,CONFIRMED
0.64971,2.076,620.0,6.23181,4731.0,83182.0,9994.0,4.02,2.59,FALSE POSITIVE
13.7431084,2.285,5688.0,12.05,844.0,84.3234,5941.5,,1.34,FALSE POSITIVE
16.9487087,4.2887767,156467.5479643,45.2204505,758.5937679,78.263287,5894.7,4.37,1.1179,FALSE POSITIVE
3.3686634,3.012,3288.0,42.2321,2775.0,9856.24,7518.0,3.82,2.68,FALSE POSITIVE
11.2071839,4.366,3276.0,17.4989,1487.0,813.063,6152.0,3.84,2.24,FALSE POSITIVE
2.97164,1.534,7350.0,,2076.0,3089.18,8562.5,,,FALSE POSITIVE
0.660179,1.6349369,473.0939303,6.1672487,5717.1532477,252487.7638842,8598.7,4.1,2.62432,FALSE POSITIVE
10.9278415,2.468,2743.0,49.1695,1129.0,270.142,6259.0,3.59,2.92,FALSE POSITIVE
1.32003,3.175,552.468,,,,,,,FALSE POSITIVE
1.6865822,2.429,1770.0,,,,,,,FALSE POSITIVE
13.0727479,3.044,4080.0,35.7944,1074.0,221.343,5709.8,3.37,3.59,FALSE POSITIVE
2.9258727,4.075,6720.0,24.4055,2066.0,3028.51,4884.5,,1.3,FALSE POSITIVE
0.73774,0.636,524.852,5.28215,,,6449.5,3.94,2.1,FALSE POSITIVE
2.3664127,2.591,300.0,,,,,,,FALSE POSITIVE
3.2077145,2.708,9640.0,,,,,,,FALSE POSITIVE
1.8824539,2.46,1391.0,8.29008,3091.0,15173.2,5900.4,4.39,1.13,FALSE POSITIVE
15.196,1.792,1970.0,4.96345,,,5807.0,,1.14,FALSE POSITIVE
2.1358631,1.559,10325.0,23.6019,1745.0,1540.95,5969.0,4.17,1.5,FALSE POSITIVE
1.8296155,2.166,1406.0,29.3616,3751.0,32867.0,7875.0,3.61,3.5,FALSE POSITIVE
11.1876137,3.183,4924.0,31.8624,1499.0,838.609,7266.0,4.06,2.05,FALSE POSITIVE
7.8513949,6.835,22029.0,,,,,,,FALSE POSITIVE
7.0643978,2.424,8268.0,9.39131,890.0,104.311,5429.6,4.44,0.96,CONFIRMED
8.9534775,2.696,1136.0,2.35888,723.0,45.5604,5029.5,4.61,0.76,CONFIRMED
7.5022708,2.605,1760.0,5.55812,940.0,129.866,6229.0,4.31,1.27,FALSE POSITIVE
1.692892,2.886,1418.0,11.2371,5800.0,187927.0,9121.5,4.21,2.1,FALSE POSITIVE
2.6652007,3.49,819.0,2.35964,2045.0,2905.35,4043.4,4.69,0.56,FALSE POSITIVE
6.0344667,1.89,1800.0,4.44029,788.0,64.2648,5586.0,4.36763,1.05,CONFIRMED
9.6867516,2.512,1669.0,3.00336,707.0,41.6645,4738.1,4.59,0.73,CONFIRMED
2.1031647,5.059,7142.0,16.7087,3037.0,14140.0,6122.0,3.93,1.93,CONFIRMED
7.6416041,2.654,6025.0,27.538,1303.0,478.683,6496.7,,2.05,FALSE POSITIVE
5.9294088,2.933,10226.0,10.8101,,456.893,5095.6,,1.06,FALSE POSITIVE
5.7484439,1.76,1041.0,2.35215,820.0,75.272,4534.0,4.61,0.69,CONFIRMED
1.1967018,1.879,824.0,10.3239,3534.0,25917.9,5997.0,4.0,1.73,FALSE POSITIVE
11.2464616,7.391,7576.0,17.6677,1218.0,365.938,6115.7,3.89,2.01,FALSE POSITIVE
8.5112,3.486,4172.76,,,,8156.0,4.35,,FALSE POSITIVE
15.7335693,3.288,2540.0,24.3218,1219.0,367.588,6800.0,3.91,2.21,FALSE POSITIVE
2.2219839,1.996,4394.0,15.4416,,7790.56,7166.8,,1.87,FALSE POSITIVE
2.3106428,1.294,6911.0,8.76741,1052.0,203.685,5339.9,4.41,0.99,CONFIRMED
4.05135,2.4,1132.23,14.2359,,,4974.4,,3.85,FALSE POSITIVE
3.6714717,2.149,4340.0,10.678,1182.0,324.114,5618.0,4.06,1.54,CONFIRMED
11.535076,8.555958,2389.90616,12.215808,,,5479.3,3.77,2.48771,CONFIRMED
0.8352406,1.043,2065.0,6.4875,2345.0,5021.63,6105.0,4.31,1.24,FALSE POSITIVE
2.4919771,1.4338141,2093.9594201,2.2187585,639.9817426,39.6452664,3948.0,4.68962,0.482388,CONFIRMED
,2.726775,878.134108,1.710706,448.0162269,9.5212941,3773.0,4.438,0.577983,FALSE POSITIVE
25.5195307,6.6877451,558.3758637,2.9641461,662.8890748,45.6335702,5742.22,4.29,1.17321,CONFIRMED
0.831542,1.985538,248.969585,1.881684,1999.3796659,3776.6095365,5824.0,4.438,1.1512,FALSE POSITIVE
79.3739596,5.392,1227.0,2.17454,368.0,3.05331,5168.33,4.60584,0.77,FALSE POSITIVE
27.2149622,3.7190483,4731.4046225,8.3475973,573.0537137,25.4860381,6270.0,4.54537,0.989667,FALSE POSITIVE
5.0780325,1.2100353,5923.1283069,2.6347763,431.253644,8.1743139,3318.0,4.9581,0.334125,CONFIRMED
91.6827832,9.7504857,713.2183569,3.239855,399.0780255,5.9944903,5802.0,4.44521,1.01814,CONFIRMED
14.64319,2.5483426,242.7923919,3.41248,1134.2791474,391.2017546,6516.0,3.99366,2.04178,FALSE POSITIVE
4.1782656,1.675904,2537.6781602,2.1023854,492.7241583,13.9295288,3442.0,4.893,0.404403,CONFIRMED
17.9453645,3.0740072,5480.684864,3.3839124,303.1226876,1.9952383,3442.0,4.893,0.404403,CONFIRMED
27.3613778,4.0586418,20690.6684294,6.4522449,243.7718547,0.8345555,3050.0,4.438,0.44128,CONFIRMED
29.0497517,7.117,318.0,2.84674,1115.0,257.066,8208.0,4.25979,1.8,CONFIRMED
3.3088922,6.114,4736.0,24.9862,3184.0,17074.7,6188.0,4.27166,2.62,CONFIRMED
25.0571312,7.5424225,533.486013,3.2396838,688.6094029,53.1389289,5696.0,4.26563,1.15281,CONFIRMED
24.2454967,3.3725583,6260.6703602,3.878568,122.2177444,0.05273,3535.0,4.84874,0.465271,CONFIRMED
14.1758947,3.7543827,907.1324529,2.6231641,690.9961983,53.8795095,5723.87,4.438,0.864173,CONFIRMED
19.5901578,4.002861,1182.6678641,3.0026428,620.3638839,35.0031418,5723.87,4.438,0.864173,CONFIRMED
6.2036219,3.01098,548.9044399,2.056748,910.1452592,162.1675094,5723.87,4.438,0.864173,CONFIRMED
3.79589,2.4602856,317.5272928,1.553135,1072.0653989,312.1807495,5723.87,4.438,0.864173,CONFIRMED
2.2645386,3.8193701,15019.9420903,5.1936764,616.7174475,34.1873897,3443.0,4.81617,0.411471,FALSE POSITIVE
3.4447015,1.912,796.0,2.00495,1086.0,231.437,3912.0,4.62642,0.63,CONFIRMED
3.2947689,1.7483103,1324.0402774,2.5248559,700.5995436,56.9377632,3853.0,4.63168,0.62326,CONFIRMED
0.7645807,1.07057,394.9832006,1.2407226,1140.0845694,399.2723837,3853.0,4.63168,0.62326,CONFIRMED
12.6396982,3.3830702,3292.6812864,4.6025162,640.0266601,39.6563977,5217.0,4.59186,0.789425,CONFIRMED
6.4002807,2.1559875,1026.6018729,2.2730301,699.0536347,56.4368797,4599.0,4.58487,0.720551,CONFIRMED
18.6548829,5.4431451,1495.4449473,4.3869878,585.8091542,27.832077,5141.0,4.49143,0.876154,CONFIRMED
4.3074513,2.3379196,1094.8419495,3.2819879,954.8757629,196.4755358,5141.0,4.49143,0.876154,CONFIRMED
5.9041278,2.7678313,773.9266468,2.4489454,859.6105665,129.0410781,5141.0,4.49143,0.876154,CONFIRMED
37.9251983,3.5345219,1370.7888539,3.241643,462.4282696,10.8068346,5141.0,4.49143,0.876154,CONFIRMED
15.9234883,4.021,493.0,2.18203,735.0,48.5414,5711.85,4.38315,1.08,CONFIRMED
4.3601536,2.3408909,5592.2909183,6.9564258,961.6063113,202.0738994,5227.0,4.50479,0.874131,CONFIRMED
13.0791581,2.97,1143.0,3.25485,735.0,48.6058,5453.0,4.41707,1.0,CONFIRMED
4.6517186,2.709,978.0,2.66889,1343.0,540.772,5154.0,4.47072,0.85,CONFIRMED
9.1549418,2.457,1101.0,2.62011,710.0,42.2592,5154.0,4.47072,0.85,CONFIRMED
19.9815709,2.724,909.0,2.54717,562.0,16.5853,5154.0,4.47072,0.85,CONFIRMED
4.6756655,1.914,738.0,4.03134,1085.0,230.204,5779.0,4.88162,1.45,FALSE POSITIVE
10.288886,1.391,854.0,2.63881,483.0,9.06856,5126.0,4.49772,0.87,CONFIRMED
1.0332441,3.8017836,26111.5081972,4.087988,516.1833775,16.7778791,2972.0,5.15741,0.156193,FALSE POSITIVE
3.4779776,2.5103489,27021.6932424,12.5541925,897.2038496,153.1388971,4699.0,4.54638,0.765001,CONFIRMED
3.1274634,1.9812695,1331.83693,2.5802896,813.0378617,103.2675998,4225.0,4.5756,0.693431,CONFIRMED
7.4931613,1.9339295,1650.6470497,2.7733674,607.6028794,32.2107098,4225.0,4.5756,0.693431,CONFIRMED
49.825166,3.8714976,2059.4069037,3.8319135,323.1161011,2.5760566,4225.0,4.5756,0.693431,CONFIRMED
10.8948421,2.0719394,3168.3853584,2.4691414,390.8242112,5.5137471,3618.0,4.79432,0.435666,CONFIRMED
18.8016111,1.9093524,1686.7881033,1.9112282,325.8292621,2.6636757,3618.0,4.79432,0.435666,CONFIRMED
8.157721,3.788,10273.0,9.31888,860.0,91.0972,5091.2,4.47,0.9,CONFIRMED
4.2529641,2.5733867,758.584999,2.3483383,994.5309519,231.2034004,5591.0,4.38111,0.848906,CONFIRMED
3.7955178,2.0198135,52278.9940979,10.3261619,525.9431131,18.0832336,3424.0,4.438,0.445372,CONFIRMED
14.3034613,3.135,48840.0,18.4949,551.0,15.38,5056.6,4.53,0.83,FALSE POSITIVE
3.3159772,1.494,2770.0,4.5947,923.0,120.595,4972.7,4.54,0.81,CONFIRMED
4.6313014,1.435,4860.0,9.34848,1078.0,225.013,5736.0,4.39,1.07,CONFIRMED
14.4751062,1.6182484,9618.5798534,8.6976173,407.866275,6.5402175,3841.0,4.69364,0.55035,CONFIRMED
9.6141636,3.4271882,933.6532689,3.2264735,749.8978043,74.7359105,5477.0,4.5707,0.840608,CONFIRMED
4.9404714,1.954,455.0,2.3216,1178.0,320.012,6086.0,4.26269,1.13,CONFIRMED
1.283251,2.012261,1961.318203,2.558112,923.6720985,172.0252913,3855.0,4.68499,0.560391,FALSE POSITIVE
1.2284388,1.9190118,1229.4965125,1.866263,841.1003116,118.2802346,3526.0,4.71105,0.53023,FALSE POSITIVE
2.6998294,2.208,2798.0,4.94551,1639.0,1198.41,6180.0,4.57956,0.92,CONFIRMED
0.581322,1.3261177,3206.6010016,2.2014886,952.4881815,194.5178158,3446.0,4.83941,0.38621,FALSE POSITIVE
0.980972,0.5405036,6178.392421,5.9162923,1320.951709,719.5629045,4486.0,4.49914,0.764401,CONFIRMED
1.4412175,1.666,12927.0,17.0442,1626.0,1160.55,5672.9,4.13,1.46,FALSE POSITIVE
3.9152737,2.562,3350.0,9.43435,1170.0,311.498,5714.0,4.05,1.58,CONFIRMED
3.1968838,3.7533697,7958.980656,14.9685779,1671.1249287,1843.1329908,6470.0,4.15,1.59715,CONFIRMED
3.9443668,4.8652146,6732.488454,14.5727196,1461.6208264,1078.5986988,5494.0,3.93,1.75475,CONFIRMED
3.93034,3.667,9724.58,14.8838,,815.91,6292.0,,1.37,FALSE POSITIVE
4.5371361,4.042155,4199.7558754,9.8153513,1326.6264827,732.0077048,5731.0,4.1,1.48668,CONFIRMED
5.929405,3.719,16410.0,,,,,,,FALSE POSITIVE
14.3392144,4.6064739,392.6346872,2.2963233,841.9410276,118.7538488,6295.7,4.438,1.1374201,CONFIRMED
6.0964074,2.3632965,1142.4891745,2.5856853,737.3642914,69.8633506,4820.4,4.6,0.731699,CONFIRMED
1.56029,2.751,1690.0,18.4825,3900.0,38412.5,6897.0,3.89,2.29,FALSE POSITIVE
8.8735214,4.059,1949.0,6.0401,1591.0,1064.98,5992.0,4.34,1.18,FALSE POSITIVE
7.8513774,6.699,21571.0,,,,,,,FALSE POSITIVE
7.6869063,4.652,4500.0,23.7824,1409.0,655.022,5147.3,,3.07,FALSE POSITIVE
1.3797091,2.352,1320.0,22.2329,3626.0,28702.5,5924.0,3.68,2.67,FALSE POSITIVE
1.49861,2.871,2188.61,,4828.0,90202.8,8590.0,4.12,,FALSE POSITIVE
2.6796,2.771,7590.0,11.8862,1492.0,823.434,5938.0,4.23,1.32,FALSE POSITIVE
11.0765063,4.692,4400.0,12.8076,1033.0,189.348,6460.0,4.0,1.86,FALSE POSITIVE
0.6193401,1.514,1853.0,8.84136,,55990.1,7812.5,,1.79,FALSE POSITIVE
2.6400663,3.368,1328.0,18.2671,2611.0,7719.64,5155.0,,2.72,FALSE POSITIVE
2.5778717,3.472,1010.0,18.687,4400.0,62241.5,8321.0,3.75,3.16,FALSE POSITIVE
3.80509,3.347,1280.0,8.57193,1644.0,1214.11,6555.5,3.83,2.35,FALSE POSITIVE
2.99041,3.952,1290.0,24.2511,4252.0,54264.3,8542.0,3.66,3.56,FALSE POSITIVE
0.890967,1.784,1100.0,2.89678,2099.0,3225.32,5159.2,4.5,0.87,FALSE POSITIVE
2.1096805,2.1344043,1309.7297126,3.6396725,1284.923458,644.2138136,5673.0,4.55383,0.940806,CONFIRMED
1.19888,1.558,1169.03,20.5525,2172.0,3694.96,7315.0,,5.46,FALSE POSITIVE
2.03905,2.26,430.0,6.42307,3550.0,26394.8,9003.0,3.94,2.68,FALSE POSITIVE
2.9424142,4.073,1400.0,9.70968,3452.0,23595.1,6854.0,4.1,1.79,FALSE POSITIVE
1.0793011,2.196,1562.0,3.31116,2612.0,7736.05,4349.3,4.62,0.67,FALSE POSITIVE
8.0428575,9.504,18730.0,,2522.0,6718.53,8286.0,,,FALSE POSITIVE
4.0157492,2.706,1150.0,6.47219,1417.0,669.61,6585.0,3.94,2.07,FALSE POSITIVE
2.01976,3.394,3963.85,7.3626,2444.0,5926.69,7274.6,4.18,1.72,FALSE POSITIVE
1.748054,2.122,670.0,,,,,,,FALSE POSITIVE
2.65646,2.475,773.369,12.1711,1545.0,948.066,6135.4,3.4,3.98,FALSE POSITIVE
2.65688,2.615,1959.88,,,,,,,FALSE POSITIVE
4.7201912,4.416,6710.0,15.2105,1609.0,1112.85,6696.0,4.08,1.8,CONFIRMED
4.03349,2.684,1530.0,23.4514,2400.0,5512.68,11348.0,,6.37,FALSE POSITIVE
3.3295394,2.77,2620.0,14.3988,1916.0,2238.0,7965.0,3.98,2.35,FALSE POSITIVE
3.8615978,1.678,1020.0,13.8394,1933.0,2320.32,7396.0,3.89,2.45,FALSE POSITIVE
95.174,11.6316864,2600.061605,7.8498891,254.6525048,0.9938316,5723.2,3.6,1.51811,CONFIRMED
8.8803281,2.71,1238.0,3.20594,777.0,60.7382,5555.7,4.49,0.92,CONFIRMED
28.580474,4.5139977,1081.396943,3.1455035,545.0001759,20.8500726,5555.7,4.49,0.920435,CONFIRMED
38.3511223,5.9120193,1029.0917261,3.2843583,494.1094771,14.086845,5555.7,4.49,0.920435,CONFIRMED
1.4015183,1.1583061,593.7540922,1.4616853,891.6389885,149.3747543,3794.0,4.67812,0.597007,CONFIRMED
8.5874668,5.1458902,1904.8131484,5.3744721,895.5943008,152.0429498,5929.0,4.48275,0.987583,FALSE POSITIVE
6.4474918,2.643,9270.0,48.9878,1443.0,720.601,6477.6,4.13,1.69,FALSE POSITIVE
1.4136455,1.448,2427.0,,2358.0,5133.26,5869.0,,,FALSE POSITIVE
3.4040139,4.837,935.0,5.34279,4701.0,81123.4,9622.0,4.39,1.65,FALSE POSITIVE
13.7432169,2.73,5046.0,25.7481,1015.0,176.671,5941.5,4.23,1.4,FALSE POSITIVE
5.5025577,3.1711008,844.7022676,2.7049797,811.847988,102.6644008,4965.0,4.56,0.784109,CONFIRMED
1.7622537,0.8779711,733.5550822,2.5235818,1186.6066429,468.5415425,4965.0,4.56,0.784109,CONFIRMED
0.8474218,0.8758764,424.3932848,1.7536544,1678.5549814,1876.1315489,5300.0,4.56,0.846387,CONFIRMED
4.8420438,2.4105648,318.6638392,1.6177405,938.9141348,183.6641995,5300.0,4.56,0.846387,CONFIRMED
2.14056,2.029,355.8315803,1.83828,1174.0,316.156,4567.0,4.39,0.84,FALSE POSITIVE
4.1269046,4.405,10831.0,17.0952,1715.0,1436.49,6888.0,4.23416,1.59,CONFIRMED
4.4350025,2.252,2085.0,9.91393,2535.0,6855.78,9706.0,4.29,1.87,FALSE POSITIVE
1.4287976,2.93,1768.0,9.00484,5621.0,165726.0,9224.0,4.37,1.65,FALSE POSITIVE
0.33759,1.351,529.0,2.96097,2725.0,9164.98,7387.0,4.39,1.37,FALSE POSITIVE
1.67346,2.54,390.0,5.10182,3304.0,19786.3,10445.0,4.09,2.45,FALSE POSITIVE
2.5152549,2.386,1870.0,13.4294,2311.0,4740.94,5915.0,3.82,2.11,FALSE POSITIVE
0.4628844,0.5588219,4489.9119215,1.3543237,723.3961549,64.718104,3043.0,5.09707,0.188624,CONFIRMED
0.70902,2.49,570.0,5.18865,4453.0,65312.0,8999.0,4.05,2.36,FALSE POSITIVE
9.6926509,2.819,1393.0,13.5133,1045.0,198.127,6012.0,3.39,3.51,FALSE POSITIVE
1.8286961,3.37,7283.0,21.4433,3235.0,18194.7,6046.3,4.43,1.23,FALSE POSITIVE
14.8626982,3.3250502,8264.2193919,26.5090911,962.2429589,202.6095767,5705.0,3.97,1.73364,FALSE POSITIVE
2.0881134,2.307,730.0,5.41738,2665.0,8383.12,6255.8,4.11,1.7,FALSE POSITIVE
1.25562,2.304,290.0,2.95064,2024.0,2790.4,5717.0,3.97,1.72,FALSE POSITIVE
7.6047417,5.23,1200.0,6.14418,1948.0,2393.29,9139.0,4.29,1.8,FALSE POSITIVE
5.2651271,2.463,3450.0,11.2446,1993.0,2619.14,8728.0,4.32,1.7,FALSE POSITIVE
6.1600888,1.67,1120.0,8.22262,964.0,143.457,5772.0,4.07,1.55,FALSE POSITIVE
1.06884,2.512,470.0,10.3628,3736.0,32361.2,9222.0,3.42,4.94,FALSE POSITIVE
5.4561177,3.1,1360.0,5.78741,1480.0,796.96,7465.0,4.31,1.51,FALSE POSITIVE
1.7380504,1.496,956.0,4.42263,1476.0,787.969,6026.0,4.16,1.45,FALSE POSITIVE
1.99143,4.136,16745.8,,5058.0,108701.0,9458.2,,,FALSE POSITIVE
5.7785318,2.348,4990.0,42.6903,1921.0,2264.51,8224.0,3.81,2.92,FALSE POSITIVE
1.41072,2.623,500.0,8.4993,1863.0,2001.09,5197.0,,3.84,FALSE POSITIVE
1.532703,2.698,1250.0,10.8699,3568.0,26916.4,6023.1,4.24,1.39,FALSE POSITIVE
0.7131492,2.428,450.0,4.89712,3234.0,18159.7,5128.9,3.88,1.93,FALSE POSITIVE
4.52318,5.099,25109.1,,,,,,,FALSE POSITIVE
25.8386422,5.209,1806.0,4.31235,667.0,32.9135,5769.0,4.43,1.03,CONFIRMED
0.78381,1.443,426.099,3.89595,2743.0,9401.36,7842.0,4.22,1.72,FALSE POSITIVE
11.0708575,2.1937617,1149.7328034,2.3337648,554.9934842,22.4219066,4356.0,4.53491,0.700727,CONFIRMED
2.6380089,3.55,1683.0,12.8098,3551.0,26423.9,7495.0,3.88,2.5,FALSE POSITIVE
2.7260173,2.703,1165.0,4.98036,2317.0,4788.29,5256.0,4.59,0.79,FALSE POSITIVE
2.86876,2.422,1030.0,8.48351,1983.0,2571.69,8342.0,3.9,2.65,FALSE POSITIVE
0.5590256,0.688,660.0,4.22851,1866.0,2015.68,,,1.35,FALSE POSITIVE
2.958148,3.769,980.0,4.47387,2311.0,4739.26,6294.0,4.13,1.58,FALSE POSITIVE
0.98736,1.464,370.0,3.41784,1987.0,2591.32,6301.3,4.07,1.69,FALSE POSITIVE
3.99307,4.783,3892.81,6.35126,1667.0,1282.52,4731.1,4.35,0.93,FALSE POSITIVE
8.6795072,3.628,10160.0,24.132,1366.0,578.958,6057.0,4.43,1.14,FALSE POSITIVE
1.3812787,2.4,1573.0,5.91488,3488.0,24595.6,6483.0,4.28,1.38,FALSE POSITIVE
5.48923,3.29,910.0,11.8401,1987.0,2592.62,6004.0,4.06,1.62,FALSE POSITIVE
7.3845072,4.531,25160.0,23.6091,,514.397,6149.2,,1.43,FALSE POSITIVE
0.43889,0.947,650.0,6.69456,3049.0,14357.3,7111.0,3.91,2.32,FALSE POSITIVE
2.3359622,6.0165684,3066.2492749,18.3852989,2362.6020308,7363.4830838,7577.0,4.05,2.0780001,FALSE POSITIVE
12.64001,6.893,9458.38,,1434.0,703.834,5195.1,,,FALSE POSITIVE
10.5739824,4.04,5460.0,9.43898,1007.0,171.146,6519.0,4.36,1.27,CONFIRMED
4.4247042,1.318,2447.0,8.3621,1293.0,465.179,6594.0,4.23,1.49,CONFIRMED
1.0082361,1.41,228.0,1.7202,1835.0,1882.94,5795.29,4.438,1.13,CONFIRMED
1.2168732,0.86,1240.0,3.43106,980.0,153.719,4634.6,4.51,0.78,CONFIRMED
1.4520486,1.339,393.0,1.404,1125.0,266.85,4184.0,4.57376,0.69,CONFIRMED
1.0697621,1.356,376.0,1.60037,1590.0,1061.92,4946.0,4.53834,0.8,CONFIRMED
3.0726434,2.2602485,10471.4949697,19.9197757,1793.7963398,2446.8848714,7164.0,4.25661,1.55831,CONFIRMED
6.9561134,3.3628003,15989.231101,12.090823,872.4987884,136.9557694,5387.0,4.46259,0.940037,CONFIRMED
13.001789,4.4847322,1339.5837664,3.84805,786.6834253,90.515093,5914.0,4.46,1.00826,CONFIRMED
2.7556532,3.3967282,2854.4589288,6.4145519,967.6926252,207.2386368,4993.0,4.66918,0.696945,FALSE POSITIVE
0.78999,1.153,5750.0,1.99,2398.0,5497.38,5558.0,4.43,1.1,FALSE POSITIVE
12.80758,3.596,27112.7,11.4222,643.0,28.4034,5094.4,,0.63,FALSE POSITIVE
11.35626,6.047,2190.0,12.9372,1731.0,1493.65,6314.0,3.87,2.14,FALSE POSITIVE
0.6412558,1.1161082,1029.5348333,4.841202,2573.9569471,10373.5192117,5854.65,4.1262,1.47292,FALSE POSITIVE
7.4341456,2.424,701.0,1.97737,733.0,48.0098,5064.0,4.57887,0.78,CONFIRMED
2.650232,2.03,6449.0,15.9327,1720.0,1454.53,7400.0,4.11,1.94,CONFIRMED
18.840891,5.765,331.0,2.00342,868.0,94.5008,6093.0,4.32207,1.22,CONFIRMED
5.1396666,0.8991981,769.5996824,2.259057,883.3765229,143.9144538,5374.0,5.96065,0.815924,CONFIRMED
9.4280902,1.377,799.0,2.49195,623.0,25.1545,5374.0,5.96065,0.82,CONFIRMED
27.6438617,5.321,560.0,3.68027,801.0,68.4355,5873.0,4.043,1.62,CONFIRMED
6.267832,2.789,321.0,1.99779,1052.0,203.434,5950.0,4.438,1.15,CONFIRMED
0.4090681,0.6165726,1281.2294665,1.1833779,967.4422529,207.0242436,3328.0,4.91612,0.308799,CONFIRMED
23.5407467,4.025,956.0,2.11441,564.0,16.8576,5236.0,4.63898,0.75,CONFIRMED
0.4702719,1.3258819,209.49313,1.4344026,2147.7419002,5028.6262848,5466.0,4.48625,0.92499,CONFIRMED
8.0970819,3.127852,4723.0724376,2.6354043,388.1291894,5.3632275,3391.0,4.84373,0.381586,CONFIRMED
2.0439268,1.008937,465.1929875,1.0924808,660.3898166,44.9492524,3407.0,4.7606,0.473603,CONFIRMED
16.5379864,2.796,608.0,2.51948,751.0,53.0216,5781.0,4.43068,1.03,CONFIRMED
11.0619937,1.7587777,3249.1164334,1.6184944,304.152939,2.0225025,3248.0,4.95407,0.275364,CONFIRMED
6.5886877,1.678,852.0,2.12746,646.0,28.9612,4920.0,4.64,0.71,CONFIRMED
4.3135263,1.874,274.0,1.17405,963.0,142.833,4920.0,4.64,0.71,CONFIRMED
18.712253,6.475,6066.0,10.3984,1008.0,171.765,6125.0,4.29,1.27,CONFIRMED
6.30556,2.946,860.0,,,,,,,FALSE POSITIVE
6.8424983,3.3079378,8029.880305,16.4578474,977.1959895,215.5002138,5766.0,4.438,1.1282001,FALSE POSITIVE
2.1779407,2.098,110.0,1.28228,1462.0,759.183,5801.89,4.25132,1.26,CONFIRMED
5.9711357,1.5478671,1437.1086027,1.8721145,525.9795517,18.0882455,3834.0,4.74552,0.490737,CONFIRMED
15.5324385,1.7640717,2937.4953214,2.013576,308.4743596,2.1399188,3382.0,4.85532,0.369306,CONFIRMED
1.880531,1.1911684,1214.0066593,1.4548629,623.5511988,35.7280633,3382.0,4.85532,0.369306,CONFIRMED
3.4231002,2.4377583,8643.1016455,35.4084057,1900.9587948,3086.1129325,5620.9,3.6,2.6126101,FALSE POSITIVE
2.5272822,1.265861,1847.4872236,2.2007181,661.896336,45.3608214,3624.0,4.74607,0.49012,CONFIRMED
20.7724316,5.508,1415.0,3.91576,1060.0,209.722,5625.56,4.46798,0.97,CONFIRMED
52.5637056,6.5,1193.0,3.28372,542.0,14.3711,5625.56,4.46798,0.97,CONFIRMED
6.3634106,2.692302,2368.6952027,4.4784698,826.0146095,110.0200699,5103.0,4.50257,0.859483,CONFIRMED
5.2544884,2.898,567.0,2.1916,1144.0,284.941,5958.0,4.48217,0.99,CONFIRMED
5.222621,4.693629,15867.9920175,3.7216015,329.6508495,2.7908584,3453.0,4.95337,0.275946,FALSE POSITIVE
10.1802014,4.613,11500.0,12.3422,1119.0,261.013,5623.0,4.4,1.04,CONFIRMED
16.6828999,1.804,2054.0,17.1854,550.0,15.2595,6423.0,3.74,2.63,FALSE POSITIVE
4.86709,3.103,4210.0,7.42915,1272.0,435.152,5814.3,4.34,1.15,CONFIRMED
3.354053,1.8984151,6389.1712796,,2652.2635415,11694.6627862,8181.0,,,FALSE POSITIVE
2.1853174,1.656,1168.0,14.8742,1952.0,2412.11,8332.0,3.54,4.02,FALSE POSITIVE
5.0037857,4.154,1950.0,6.77338,2028.0,2812.53,6109.0,4.42,1.09,FALSE POSITIVE
1.1623941,1.266,1099.0,8.21669,1723.0,1464.16,5843.7,3.82,2.23,FALSE POSITIVE
0.2666485,1.075,230.0,1.30468,2072.0,3064.12,4154.0,4.53,0.71,FALSE POSITIVE
0.86673,1.089,662.925,3.54647,1739.0,1519.96,5904.0,4.31,1.25,FALSE POSITIVE
5.147905,5.405,3710.0,18.0411,1760.0,1594.76,6064.0,3.57,2.9,CONFIRMED
5.0267996,2.754044,6358.0060702,12.9814741,1378.3967823,853.1354811,6434.0,4.21,1.4782799,CONFIRMED
2.6277641,2.997,490.0,,1687.0,1344.6,3294.0,,,FALSE POSITIVE
10.82661,6.877,5890.0,11.5303,1463.0,760.667,5113.0,4.71,0.68,FALSE POSITIVE
0.8165295,2.294,468.0,4.12435,5356.0,136662.0,8911.0,4.26,1.85,FALSE POSITIVE
1.4014167,3.661,2730.0,11.8932,4713.0,81940.9,8014.0,4.32,1.6,FALSE POSITIVE
4.95898,1.831,230.232,,528.0,12.992,3295.0,,,FALSE POSITIVE
5.8574075,5.8548029,6489.7302346,13.8892762,1335.1143401,750.9220273,5982.9,4.03,1.67987,CONFIRMED
1.4147363,2.429,990.0,,1667.0,1283.11,4980.0,,,FALSE POSITIVE
1.077774,2.682,2680.0,10.1773,4387.0,61535.5,7274.0,4.25,1.58,FALSE POSITIVE
2.7536237,2.39,1460.0,11.1685,2565.0,529.9,5647.0,3.68,2.41,FALSE POSITIVE
1.6534102,3.102,600.0,6.07704,4329.0,58331.7,6928.0,4.29,1.46,FALSE POSITIVE
1.2456423,1.354,691.0,3.80598,1695.0,1370.47,6194.0,4.16,1.5,FALSE POSITIVE
3.4272549,5.9083927,569.4677099,7.7503736,1836.8876704,2690.6140029,6338.0,3.9,2.0707099,FALSE POSITIVE
10.9115374,3.269,1039.0,18.4382,3198.0,17372.4,9195.0,3.75,3.37,FALSE POSITIVE
0.46741,1.25,1592.12,7.77804,5361.0,137211.0,7960.5,4.23,1.77,FALSE POSITIVE
2.1575124,2.236,550.0,11.8527,2244.0,4213.12,8326.0,3.58,3.87,FALSE POSITIVE
1.577609,1.646,1055.0,9.73924,2058.0,2982.64,7856.0,3.78,2.91,FALSE POSITIVE
1.59782,1.49,1713.69,3.59995,1548.0,955.676,5037.6,4.72,0.79,FALSE POSITIVE
1.23852,3.138,440.0,7.11712,2736.0,9304.06,6524.0,3.5,3.4,FALSE POSITIVE
1.1025238,2.321,2919.0,15.8737,5314.0,132458.0,9218.0,4.21,2.0,FALSE POSITIVE
1.597226,5.3721722,3834.1260621,,1559.2651198,1397.0143195,,,,FALSE POSITIVE
1.76589,3.807,730.0,4.06597,2509.0,6579.97,6221.0,4.13,1.55,FALSE POSITIVE
1.36991,4.156,1170.0,11.8886,3254.0,18625.3,7339.8,3.56,3.64,FALSE POSITIVE
3.66505,2.346,910.0,7.19016,1352.0,555.083,6370.0,3.81,2.32,FALSE POSITIVE
2.0560153,2.773,17453.0,17.2767,1839.0,1899.83,6485.0,4.37,1.24,CONFIRMED
2.25505,3.034,658.0,,,,,,,FALSE POSITIVE
1.902606,2.3653693,8984.9897271,19.576504,2917.5260913,17123.005499,9918.0,4.32,1.82241,CONFIRMED
1.0960111,3.167,2150.0,9.05714,,14474.6,6083.0,,1.58,FALSE POSITIVE
7.00776,2.68,3666.99,8.1288,1161.0,302.511,6347.0,4.23,1.22,FALSE POSITIVE
6.1461734,5.386,1034.0,6.96236,2649.0,8177.52,6153.0,4.15,1.5,FALSE POSITIVE
4.1812866,4.394,4280.0,15.448,1585.0,1049.28,6146.0,3.78,2.31,FALSE POSITIVE
2.9798592,2.737,580.0,4.92227,2704.0,8878.81,9024.0,4.24,1.89,FALSE POSITIVE
6.72694,2.649,1070.0,5.19273,1123.0,264.81,6745.0,4.23,1.53,FALSE POSITIVE
10.9554897,6.772,370.0,22.7316,3316.0,20081.6,8522.0,,6.79,FALSE POSITIVE
0.6171788,1.433,519.0,7.26341,3260.0,18771.3,9603.0,3.83,3.14,FALSE POSITIVE
1.5309799,1.37,654.0,6.01061,1613.0,1124.09,6298.0,3.77,2.38,FALSE POSITIVE
0.8229,2.068,2660.0,,4343.0,59083.0,8078.0,3.8,,FALSE POSITIVE
0.50261,1.127,1120.0,6.28067,,15525.5,6941.0,,1.67,FALSE POSITIVE
1.41853,2.728,560.0,3.93221,2481.0,6293.46,6329.0,4.08,1.68,FALSE POSITIVE
6.5344463,2.774,3240.0,15.3823,1559.0,982.822,7715.3,3.96,2.67,FALSE POSITIVE
2.013653,2.1214907,822.8974252,9.0269074,3580.9202252,38859.7127334,10310.0,4.01,2.67713,FALSE POSITIVE
2.590266,4.378,700.0,9.54526,2985.0,13184.6,5855.0,3.45,3.22,FALSE POSITIVE
6.74657,1.803,2970.0,16.2785,833.0,80.0277,5910.7,3.59,2.57,FALSE POSITIVE
5.2273176,3.572,2856.0,,584.0,19.367,3593.0,,,FALSE POSITIVE
3.7983639,1.594,3194.0,13.7263,,2113.11,9500.0,,2.36,FALSE POSITIVE
5.13664,4.45,930.0,7.04152,2355.0,5106.92,9238.0,4.08,2.32,FALSE POSITIVE
1.5166573,1.607,1590.0,7.73846,1954.0,2422.33,6905.3,4.03,2.0,FALSE POSITIVE
0.71933,1.474,478.823,3.45648,2210.0,3964.33,5758.0,4.21,1.44,FALSE POSITIVE
2.5798051,3.413,5740.0,25.2815,2619.0,7814.19,6116.5,4.18,1.49,FALSE POSITIVE
1.6256942,1.988,1720.0,32.1007,3151.0,16378.0,6628.0,3.43,3.96,FALSE POSITIVE
7.57193,2.656,420.0,10.2119,1479.0,795.635,9146.0,3.45,4.72,FALSE POSITIVE
2.09989,0.908,27336.4,10.1564,1263.0,422.491,6025.3,4.46,1.04,FALSE POSITIVE
1.44127,2.605,2750.0,9.20279,3409.0,22433.7,8009.0,4.29,1.65,FALSE POSITIVE
1.08697,1.967,860.0,4.98445,2042.0,2889.01,5751.0,4.0,1.69,FALSE POSITIVE
0.68601,1.614,910.0,,,,,,,FALSE POSITIVE
14.152,3.599,3800.0,10.6751,1148.0,288.531,5823.9,4.6,1.28,FALSE POSITIVE
2.27456,3.32,1020.0,13.266,3374.0,21521.5,6777.0,3.55,3.35,FALSE POSITIVE
0.98999,2.05,420.0,3.95137,2612.0,7729.29,6208.0,3.99,1.84,FALSE POSITIVE
3.01106,3.073,1617.22,7.20703,1666.0,1281.74,6516.0,,1.63,FALSE POSITIVE
,4.149,54500.0,21.0557,,,4503.5,4.42,0.86,FALSE POSITIVE
1.35932,2.831,2840.0,10.3751,3113.0,15609.5,5421.0,4.46,0.94,FALSE POSITIVE
1.71614,2.038,681.449,14.1349,1550.0,958.34,5511.5,3.28,4.92,FALSE POSITIVE
2.0845434,2.017038,12504.825019,13.4432705,1463.9513087,1085.4942586,5638.0,4.35,1.10646,CONFIRMED
1.74626,3.88,1110.0,5.62786,3218.0,17804.9,8348.0,4.24,1.8,FALSE POSITIVE
1.2427,1.563,663.745,6.05271,1660.0,1263.34,5624.8,3.92,2.14,FALSE POSITIVE
8.66698,6.104,9854.3,27.4804,1998.0,2647.36,6322.2,3.77,2.52,FALSE POSITIVE
,9.597,7440.0,11.3282,,,5791.0,4.29,1.21,FALSE POSITIVE
2.4611008,3.13,1795.0,12.3334,2685.0,8632.97,5429.5,4.01,1.63,FALSE POSITIVE
0.783879,1.4870966,274.5156373,9.6813253,2252.7956163,6087.0682501,4975.0,,5.3874698,FALSE POSITIVE
0.99837,1.632,2730.0,5.29489,1963.0,2465.96,6082.0,4.39,1.13,FALSE POSITIVE
1.97741,6.549,5470.0,17.5768,4083.0,46143.6,6742.0,3.95,2.11,FALSE POSITIVE
9.07768,2.78,19171.9,,1571.0,1012.12,8393.7,4.01,,FALSE POSITIVE
2.51266,2.411,2790.01,13.3617,1478.0,793.471,5988.0,4.08,2.3,FALSE POSITIVE
,4.23,8410.0,18.6201,,,5865.0,4.49,0.97,FALSE POSITIVE
1.8932775,3.118,3415.0,21.043,3814.0,35143.2,6904.3,4.05,2.04,FALSE POSITIVE
3.77188,2.923,450.0,10.0329,2363.0,5181.65,10097.0,3.52,4.62,FALSE POSITIVE
0.88654,1.679,870.0,24.9348,4438.0,64431.5,6919.0,3.36,4.27,FALSE POSITIVE
1.83641,2.222,470.0,10.6176,2722.0,9124.8,9542.0,,5.03,FALSE POSITIVE
12.5343031,4.572,1517.0,8.71775,1292.0,463.57,7275.0,3.91,2.51,FALSE POSITIVE
35.4028219,4.221,12666.0,21.7639,766.0,57.342,7455.0,4.17,1.78,FALSE POSITIVE
3.10315,3.535,1760.07,,4184.0,50910.7,9050.3,3.96,,FALSE POSITIVE
,8.06,3010.0,10.4319,,,7519.0,4.22,1.7,FALSE POSITIVE
5.6318074,3.4553092,1186.1481873,4.8217692,1190.3562406,474.4919122,5669.9,4.16,1.38826,FALSE POSITIVE
2.06313,2.157,600.0,11.9118,1831.0,1866.39,6716.5,3.24,4.77,FALSE POSITIVE
1.51233,2.59,640.0,11.1245,3240.0,18303.0,9447.0,3.54,4.35,FALSE POSITIVE
1.7498117,1.641,2549.0,8.13315,1520.0,886.867,6222.3,4.15,1.53,FALSE POSITIVE
1.9734615,3.69,1295.0,16.6678,3193.0,17275.6,7962.9,3.6,3.62,FALSE POSITIVE
0.73772,1.057,980.0,4.68288,1853.0,1958.84,6001.0,4.14,1.49,FALSE POSITIVE
4.608,3.383,3213.22,7.99698,1445.0,724.001,5935.0,4.29,1.28,FALSE POSITIVE
0.361112,0.756,710.0,6.69136,2003.0,2677.39,6056.9,3.99,1.95,FALSE POSITIVE
5.33155,6.191,4220.0,14.6101,1593.0,1071.42,5917.0,3.78,2.22,CONFIRMED
3.46608,4.403,1620.0,20.8363,3450.0,23536.1,7249.8,3.69,3.02,FALSE POSITIVE
8.7094632,3.027,4510.0,20.9625,1185.0,327.472,5597.0,4.03,1.59,CONFIRMED
1.0357235,1.366,480.0,15.828,1691.0,1358.51,4963.0,,7.83,FALSE POSITIVE
2.4727425,2.341,2929.0,23.6289,2298.0,4630.82,6057.7,3.84,2.13,FALSE POSITIVE
16.2016817,2.792,885.0,2.38101,641.0,28.0911,5071.0,4.58,0.78,CONFIRMED
5.2469991,3.45,1180.0,5.46087,1381.0,604.151,6651.0,4.27,1.44,FALSE POSITIVE
0.7438074,1.377,633.0,9.77911,1790.0,1705.03,5182.0,,4.04,FALSE POSITIVE
3.9401791,1.991,13317.0,25.3897,1600.0,1090.26,7170.0,4.31,1.51,FALSE POSITIVE
1.4013505,1.562,1532.0,3.7143,1857.0,1975.13,5521.0,4.48,0.94,FALSE POSITIVE
2.1679,1.39,560.0,5.32848,2820.0,10508.5,10596.0,4.27,2.0,FALSE POSITIVE
2.3866952,2.654,586.0,9.72386,1936.0,2334.78,5017.0,,4.73,FALSE POSITIVE
1.7126115,3.128,340.0,2.01928,2285.0,4528.0,5932.2,4.48,1.0,FALSE POSITIVE
0.7522775,1.073,1301.0,6.75509,,13651.7,7325.2,,1.77,FALSE POSITIVE
5.8089284,5.137,1111.0,3.79308,1664.0,1275.72,6406.0,4.34,1.27,FALSE POSITIVE
1.49446,2.114,890.0,4.21366,2065.0,3024.1,6587.0,4.27,1.43,FALSE POSITIVE
4.2311173,4.3531635,7261.2759361,14.6260711,1584.3518526,1489.1126253,6671.0,4.14,1.6640199,CONFIRMED
12.0557353,1.959,807.0,2.39173,584.0,19.3677,5504.0,4.58,0.83,CONFIRMED
8.2491871,4.9807847,117724.0282614,8.0476984,264.4172054,1.1552603,2990.0,5.13581,0.165066,FALSE POSITIVE
0.98933,1.0357615,1519.669587,1.8303854,848.0098579,122.2150262,3455.0,4.76798,0.465258,CONFIRMED
34.9270483,2.7546907,110264.9392094,18.8285063,242.488665,0.8171218,3496.0,4.9,0.389199,FALSE POSITIVE
1.7729239,1.8255671,26694.3797428,14.9468862,1076.8402129,317.7796355,4769.0,4.64845,0.687841,FALSE POSITIVE
4.076684,4.4132181,10459.727229,17.5223182,1571.9653862,1443.0883389,6531.44,4.13711,1.64302,FALSE POSITIVE
0.901465,2.5562155,3156.5658264,3.4348127,1083.3609617,325.5470241,3896.0,4.64192,0.611023,FALSE POSITIVE
7.31898,3.771,3809.3,8.79673,1296.0,468.718,5926.0,4.27,1.3,FALSE POSITIVE
1.9495403,0.8060618,2089.2444115,1.3929217,560.7827791,23.3722044,3414.0,4.97292,0.260187,CONFIRMED
1.8497201,1.757,5750.0,11.2477,,2139.72,6019.0,4.438,1.24,FALSE POSITIVE
2.1721416,2.7480823,17864.5520776,18.0850347,1677.7485906,1872.5289135,6198.0,4.27912,1.30937,FALSE POSITIVE
6.9744232,2.124,9189.0,37.9891,1103.0,245.906,5821.7,3.97,1.86,FALSE POSITIVE
3.4557863,2.164,6423.0,16.0772,2058.0,2978.62,8170.0,4.24,1.78,FALSE POSITIVE
7.757643,2.8561356,7336.6908822,12.7936991,993.2304197,161.5793695,6038.0,3.96,1.91151,FALSE POSITIVE
9.1505,2.986,1370.0,11.1497,1132.0,272.763,7719.0,3.74,3.02,FALSE POSITIVE
0.6664948,1.38,260.0,3.217,2004.0,2681.48,5329.0,3.8,1.99,FALSE POSITIVE
5.6309047,3.877,1683.0,7.00844,1933.0,2320.13,5304.0,4.6,0.79,FALSE POSITIVE
0.6803433,2.0674164,565.5754223,8.1888041,4165.8164478,71174.0244493,7325.5,3.71,2.97877,FALSE POSITIVE
5.8775548,2.9027641,412.2881337,2.1822904,1031.1383185,267.1706249,5977.0,4.47,1.00568,CONFIRMED
1.3561596,2.504,482.0,4.12493,2908.0,11881.9,6375.0,4.0,1.86,FALSE POSITIVE
2.0492064,3.417,1030.0,,,,,,,FALSE POSITIVE
2.6093167,1.175,1984.0,11.4272,,526.719,7235.0,,1.78,FALSE POSITIVE
2.37532,2.957,1940.0,13.5855,3490.0,24634.5,7895.7,4.06,2.11,FALSE POSITIVE
1.76406,3.086,870.0,12.3762,3961.0,40901.7,6481.7,,2.03,FALSE POSITIVE
1.69433,2.169,650.0,5.20733,2165.0,3651.29,7185.0,4.04,2.0,FALSE POSITIVE
3.32125,4.304,5760.0,25.5824,,12389.8,7174.0,,1.76,FALSE POSITIVE
2.363311,3.294,1121.0,2.74038,1697.0,1379.02,5420.0,4.38,1.04,FALSE POSITIVE
2.6800536,1.758,456.0,2.3437,1198.0,342.997,5550.0,4.37,1.07,CONFIRMED
40.7501028,4.873,6026.0,10.1271,544.0,14.5514,6453.0,5.20004,1.31,CONFIRMED
10.9836724,2.636,315.0,2.35616,1043.0,196.694,6453.0,5.20004,1.31,CONFIRMED
3.8954139,2.832,911.0,5.15915,1359.0,566.299,6064.0,3.94,1.89,FALSE POSITIVE
1.08625,2.534,1110.0,4.65122,2226.0,4081.88,5562.6,,1.4,FALSE POSITIVE
7.45494,3.465,2280.0,15.1922,1303.0,479.468,5029.7,,2.45,FALSE POSITIVE
13.7058173,2.597,5788.0,20.2141,,350.05,8001.0,,2.05,FALSE POSITIVE
0.6565741,1.908,423.0,5.01154,2309.0,4719.59,5235.5,,2.68,FALSE POSITIVE
4.8026561,1.1658648,4358.1157678,1.4202459,370.455897,4.4510969,3231.0,5.04064,0.213459,CONFIRMED
3.057524,1.3790503,1117.9638175,2.4878486,848.2229732,122.3379291,4402.0,4.59,0.695095,CONFIRMED
0.6691449,0.9921631,1254.3711932,1.9200407,964.704855,204.6910522,3457.0,4.7705,0.462408,CONFIRMED
6.7171913,7.5037208,9138.715071,22.875658,1484.8121463,1148.7011293,5843.0,3.7177,2.3529,FALSE POSITIVE
2.2554459,1.6678604,5283.7103901,11.0535293,1579.7828847,1472.0095217,5817.0,4.23,1.29661,CONFIRMED
1.4079369,0.3063531,484643.7441389,,1626.2264571,1652.8943345,5780.0,4.438,,CONFIRMED
16.7368995,4.561,989.0,2.88015,834.0,80.3869,5759.0,4.44767,1.0,CONFIRMED
1.766692,1.4196682,830.5082973,1.5574734,700.8548645,57.0208084,3474.0,4.77152,0.46126,CONFIRMED
3.7701296,2.8512056,4361.1801082,5.4800266,953.4195932,195.2881696,5058.0,4.53907,0.81833,CONFIRMED
3.1342946,1.2158796,1183.6060713,1.7992966,618.3628631,34.5537033,3575.0,4.72334,0.516105,CONFIRMED
2.5005291,0.8809865,12579.3504758,3.1713853,491.6465759,13.8080731,3181.0,4.94798,0.280475,CONFIRMED
1.12355,1.611,1020.0,3.49799,2055.0,2963.42,5524.0,4.41,1.01,FALSE POSITIVE
0.40312,0.853,1000.0,2.95177,1645.0,1215.98,4252.9,4.37,0.89,FALSE POSITIVE
3.929983,2.153,2270.0,6.51515,1244.0,398.651,6621.9,4.33,1.34,FALSE POSITIVE
13.2054538,4.875,644.0,3.74642,1039.0,193.559,6653.0,4.14,1.67,FALSE POSITIVE
2.02365,2.585,1710.0,5.96472,1952.0,2411.54,6582.0,4.24,1.48,FALSE POSITIVE
1.8135767,1.0753316,4166.2802035,7.660458,1819.5378757,2590.3914807,5237.0,4.2427,1.1072299,FALSE POSITIVE
24.2833782,5.132,2844.0,5.21152,654.0,30.5138,5675.0,4.46,0.98,CONFIRMED
10.2558,5.088,5740.0,7.44683,934.0,126.859,5326.0,4.43,0.97,FALSE POSITIVE
3.566276,4.197,3870.0,20.2251,1851.0,1949.16,6831.4,3.61,3.17,FALSE POSITIVE
2.8269356,1.1692366,950.9544382,4.8112209,1795.9446278,2458.6277073,7072.0,4.28,1.50581,FALSE POSITIVE
8.082354,3.284,559.0,2.72432,959.0,140.474,5878.6,4.28,1.24,CONFIRMED
9.47686,4.392,2980.0,9.80856,993.0,161.969,5801.8,4.32,1.79,CONFIRMED
13.7270395,4.007,901.0,2.95921,802.0,68.9542,5777.0,4.38035,1.09,CONFIRMED
0.6850808,1.0565887,2675.7176662,1.9806358,922.0627729,170.8295335,3541.0,4.8452,0.380019,FALSE POSITIVE
7.107934,3.440833,501.6058242,2.2881711,885.9071544,145.5706555,5694.11,4.53108,0.902932,CONFIRMED
20.5438153,4.0537919,799.3817133,2.5734283,621.931143,35.3582059,5694.11,4.53108,0.902932,CONFIRMED
3.4913952,1.763,5400.0,4.9395,718.0,44.3221,3907.0,4.62346,0.63,CONFIRMED
0.5732087,0.4582376,432048.7343961,,,,5780.0,4.438,,FALSE POSITIVE
5.80322,1.569,1710.0,6.3744,781.0,61.8583,5846.0,4.11,1.5,FALSE POSITIVE
7.0731057,3.819,439.0,2.69175,1099.0,242.723,5656.0,4.1408,1.41,CONFIRMED
8.3033493,1.705,571.0,1.95844,685.0,36.5628,4814.0,4.54519,0.78,CONFIRMED
17.6671687,2.525,854.0,1.87042,462.0,7.60884,4813.0,4.38,0.69,CONFIRMED
29.7975205,2.782,671.0,1.60982,374.0,3.2713,4813.0,4.38,0.69,CONFIRMED
12.1623316,2.614,317.0,1.15643,638.0,27.5458,4813.0,4.38,0.69,CONFIRMED
3.9766833,1.859,142.0,0.757588,855.0,89.0886,4813.0,4.38,0.69,CONFIRMED
7.9076222,2.611,217.0,0.969819,720.0,44.8107,4813.0,4.38,0.69,CONFIRMED
21.2690422,5.893,350.0,1.87711,770.0,58.618,5707.0,4.31886,1.16,CONFIRMED
4.2660553,0.69,1700.0,3.30511,506.0,10.8837,3281.0,4.90415,0.32,CONFIRMED
22.3417286,2.582,472.0,2.54102,598.0,21.2584,6179.0,4.3969,1.14,CONFIRMED
4.4891367,1.8833377,1271.1867023,1.9980298,625.4009463,36.1538988,3959.0,4.68416,0.561356,CONFIRMED
9.0447039,1.7653148,1611.0010188,2.2493746,495.1628187,14.2073509,3959.0,4.68416,0.561356,CONFIRMED
3.6906759,1.107,1657.0,1.36751,479.0,8.77401,3469.0,4.9401,0.31,CONFIRMED
7.4507305,0.475,1542.0,3.04528,329.0,1.96064,3469.0,4.9401,0.31,CONFIRMED
2.2531062,0.9939837,682.3972723,0.826635,567.3025213,24.4782213,3469.0,4.9401,0.31416,CONFIRMED
37.4685042,7.685,429.0,2.56325,1037.0,192.521,6114.0,4.293,1.27,CONFIRMED
5.3846239,3.2617296,630.6901313,2.6170633,1001.7564461,237.9959598,5700.0,4.48088,0.959022,CONFIRMED
20.7051499,3.348,1822.0,3.39245,531.0,13.1989,5169.0,4.57,0.81,CONFIRMED
18.8500438,3.407,2610.0,3.09094,435.0,5.95531,3960.0,4.62853,0.63,CONFIRMED
16.155373,1.556705,71225.723174,10.424281,297.2885497,1.8460086,3270.0,4.98242,0.271,FALSE POSITIVE
11.062666,2.0842156,4957.8780942,2.6437021,293.8838939,1.7628857,3212.0,4.98029,0.254522,FALSE POSITIVE
7.3377236,4.243,795.0,3.2807,1566.0,998.435,5994.0,4.4,1.1,CONFIRMED
2.8531016,1.142,1395.0,2.02068,610.0,23.0419,3703.0,4.76229,0.52,CONFIRMED
1.0924536,1.2245785,874.580104,6.5935026,2235.1877779,5898.9818226,6273.0,4.2,1.4487799,FALSE POSITIVE
8.0542207,3.0287161,706.8165307,2.8337706,877.6725493,140.2332705,5583.1,4.44,0.995254,CONFIRMED
16.7100422,5.4004652,615.2873631,2.7396616,747.4400609,73.7609475,5853.7,4.38636,1.09271,CONFIRMED
10.2405483,3.538,9950.0,8.69623,760.0,55.4426,5251.0,4.54337,0.84,CONFIRMED
2.8009915,1.4985399,204.8553325,1.4033915,1240.8853925,560.3349224,5723.87,4.49543,0.945408,CONFIRMED
14.6503935,2.08,330.0,1.81908,580.0,18.7938,5859.45,4.4776,0.98,CONFIRMED
6.5273884,3.1190657,415.430891,2.8972637,1149.830319,413.1007903,6023.0,4.23995,1.32944,CONFIRMED
6.5578513,2.08,1596.0,2.54474,622.0,24.9125,4111.0,4.55528,0.66,CONFIRMED
20.708504,2.236524,1657.067907,3.751004,535.9397866,19.4977725,4111.0,4.55528,0.701202,CONFIRMED
9.9616347,2.4648052,1084.4327062,2.2807327,551.2319188,21.8201851,4111.0,4.55528,0.660806,CONFIRMED
4.9877056,2.2769107,1192.3398198,2.4703077,697.8376698,56.0452278,4336.0,4.62012,0.668693,CONFIRMED
1.8290294,1.6679098,704.8493933,2.1268375,974.9472494,213.5233995,4336.0,4.62012,0.668693,CONFIRMED
9.573548,2.036,2788.0,15.6118,1135.0,275.837,6505.0,4.04,1.83,FALSE POSITIVE
5.34326,1.426,6980.0,10.4171,751.0,52.9343,5776.0,4.25,1.26,FALSE POSITIVE
3.2087149,1.639,1960.0,12.3921,1287.0,455.479,5971.4,3.77,2.26,CONFIRMED
4.1374379,1.8454937,1125.5354645,2.6757659,918.6796864,168.3361754,5058.0,4.51761,0.802633,CONFIRMED
55.087,5.709,2509.0,4.36639,562.0,16.5899,5175.0,4.51,0.87,CONFIRMED
8.7655468,4.0264463,572.6986983,3.3302665,992.0587214,228.9130329,5707.0,4.21803,1.29921,CONFIRMED
2.7917911,1.4664254,1018.9771433,6.0002066,1435.6065273,1003.8358436,6071.0,4.36,1.16271,FALSE POSITIVE
3.6451549,2.055,780.0,2.99324,1143.0,283.719,5922.0,4.43,1.05,CONFIRMED
1.0376109,1.588,210.0,1.53671,1926.0,2287.71,5922.0,4.43,1.05,CONFIRMED
8.0214735,3.2087652,882.3089291,2.3381058,737.0887807,69.7589934,5165.2,4.59,0.784618,CONFIRMED
0.4378083,1.1404291,290.8856184,1.374002,1943.1657306,3369.4605233,5165.2,4.59,0.784618,CONFIRMED
7.093853,2.5107626,284.2381135,1.6277147,911.9619079,163.4661355,5690.0,4.48062,0.956941,CONFIRMED
10.6439385,2.713,1240.0,1.98891,504.0,10.7276,3815.0,4.69775,0.55,CONFIRMED
15.1512051,2.3438166,4955.304292,2.8411799,308.7009384,2.1462129,3272.0,4.82521,0.401575,CONFIRMED
0.54937,0.883,370.0,1.53904,1706.0,1407.22,4612.99,4.56172,0.74,CONFIRMED
2.1075001,1.9093483,4256.1743008,11.7706128,1896.6316071,3058.1088297,6351.66,4.13453,1.59204,FALSE POSITIVE
4.5320502,2.3754425,7874.5852788,7.0590799,850.9218562,123.9023995,4983.0,4.61445,0.805573,CONFIRMED
3.7130701,1.654,19610.0,11.7215,762.0,55.9743,4719.0,4.49738,0.81,CONFIRMED
0.798,0.679,190.0,2.95586,1525.0,898.537,6194.2,4.0,1.84,FALSE POSITIVE
2.555332,5.14,6550.0,20.5128,2259.0,4328.46,6454.0,3.77,2.48,FALSE POSITIVE
4.860673,2.632,6140.0,11.4272,1151.0,292.245,5778.2,4.16,1.4,CONFIRMED
38.8135498,5.944,9593.0,8.20695,486.0,9.29717,4760.0,4.49,0.82,CONFIRMED
22.8085719,3.847,977.0,2.45459,544.0,14.6287,5182.0,4.55,0.82,CONFIRMED
4.1419805,2.3809654,10130.9411804,12.9812632,1182.988488,462.8529919,5418.3,4.31,1.15614,CONFIRMED
1.467119,1.0069313,1550.632368,1.3241394,639.3631768,39.492214,3297.0,4.89,0.331472,CONFIRMED
9.0941239,4.389,2570.0,8.09838,1020.0,180.272,5759.8,4.07,1.56,CONFIRMED
3.4307565,3.1443388,9664.2985634,29.7749124,2139.9713716,4956.2460141,6270.0,3.61332,2.72192,FALSE POSITIVE
9.7815625,3.736,20040.0,18.205,1079.0,225.192,6327.16,4.37297,1.21,FALSE POSITIVE
20.3807824,6.6590149,2371.5221505,8.2227994,897.7592727,153.5184581,6351.0,4.12,1.61988,CONFIRMED
1.7727505,1.519,243.0,2.73549,2058.0,2981.98,6351.0,4.12,1.62,FALSE POSITIVE
4.8170684,3.1822663,23137.3629965,24.4342674,1416.8065929,952.2769628,6380.0,4.24852,1.44956,FALSE POSITIVE
9.5739531,4.172,3170.0,12.4956,1208.0,354.639,6115.0,3.87646,2.05,CONFIRMED
9.1469122,4.618497,8770.0961182,12.7002634,999.320223,235.6892132,5954.0,4.26,1.2752,FALSE POSITIVE
3.9306746,1.4305142,1637.1984269,1.7902006,523.4432264,17.7418678,3512.0,4.81618,0.411452,CONFIRMED
5.4809161,5.031,2770.0,8.64837,1507.0,856.944,5923.0,4.05,1.62,FALSE POSITIVE
1.2436239,1.211,1790.0,3.89334,1272.0,435.33,4968.8,4.5,0.84,CONFIRMED
1.3641482,0.952,7820.0,19.5876,1505.0,852.162,5347.0,4.33,1.08,CONFIRMED
197.0336254,7.338,11900.0,12.0713,316.0,1.65744,5616.4,4.44,1.0,FALSE POSITIVE
63.4839358,5.457,5357.0,11.1495,615.0,23.786,6415.0,4.26,1.4,CONFIRMED
35.6134391,3.512,1575.0,3.12194,505.0,10.8612,4628.53,4.32239,0.71,CONFIRMED
7.7897726,2.376,194.0,1.00084,966.0,144.765,4628.53,4.32239,0.71,CONFIRMED
1.0662082,1.142,151.0,1.0883,1515.0,876.703,5668.0,4.51,0.93,CONFIRMED
5.6442112,2.980996,4136.2010063,11.4462895,1379.0312841,854.7074229,6310.0,4.1,1.63591,CONFIRMED
1.42611,1.788,1890.0,9.21032,2877.0,11388.0,6404.0,4.31,1.32,FALSE POSITIVE
18.10671,4.562,10340.0,19.3734,1047.0,199.63,6615.0,4.14,1.65,FALSE POSITIVE
3.40612,1.714,1740.0,8.60495,1560.0,985.653,5955.3,4.06,1.67,FALSE POSITIVE
3.801591,2.752,18950.0,14.4297,1242.0,395.697,6051.0,4.48,1.01,FALSE POSITIVE
1.1203828,1.665,1901.0,5.96207,2267.0,4388.96,6564.4,4.26,1.47,FALSE POSITIVE
4.5063838,2.0392007,12522.9613662,5.5521734,524.924579,17.943561,3477.0,4.74303,0.493576,CONFIRMED
6.5440665,3.777,6060.0,14.1513,1176.0,318.224,6232.0,4.03,1.76,CONFIRMED
5.547485,5.412,3350.0,11.48,2122.0,3368.08,7397.0,4.1,2.04,FALSE POSITIVE
48.5340395,6.661,62170.0,26.827,144.0,0.0730269,5937.0,4.44855,1.03,FALSE POSITIVE
48.5338626,6.137,4730.0,7.9008,341.0,2.2453,5937.0,4.44855,1.03,FALSE POSITIVE
45.5221456,4.3839392,3028.5453279,9.7055757,681.5974916,51.0073705,6303.91,4.11765,1.61034,CONFIRMED
29.0902271,4.6769826,37562.3332736,12.1826517,323.8830195,2.600601,3854.0,4.63619,0.617863,CONFIRMED
3.39829,2.634,4340.0,7.06633,1413.0,662.808,6271.0,4.45,1.09,FALSE POSITIVE
0.7920646,0.466,1464.0,12.9674,1571.0,1013.69,5422.0,4.42223,0.98,CONFIRMED
0.9466787,1.09,16490.0,14.6661,1646.0,1220.35,5707.0,4.39,1.07,CONFIRMED
2.8970202,4.1502336,3080.9239308,,1278.5711929,631.5687933,8862.0,4.1,,FALSE POSITIVE
1.13305,1.073,100.0,2.16887,1536.0,925.999,5883.8,3.77,2.1,FALSE POSITIVE
1.6563738,1.741,246.0,1.42047,1566.0,1000.88,5614.1,4.34,1.02,FALSE POSITIVE
6.0988471,5.408818,8857.7284148,24.9943945,1566.6261042,1423.581832,7023.2,4.11,1.82219,FALSE POSITIVE
1.57363,2.558,710.0,7.59717,3262.0,18801.9,5342.5,4.01,1.66,FALSE POSITIVE
10.8458712,3.379,3120.0,21.6846,1516.0,878.752,6670.3,4.29,2.56,FALSE POSITIVE
12.0077462,2.818,2921.0,,913.0,115.384,4990.7,,,FALSE POSITIVE
3.6473383,4.4572847,162.7642577,1.9083777,1470.447248,1104.8893752,5928.0,4.24,1.47579,FALSE POSITIVE
1.41144,2.509,414.379,,3316.0,20094.8,9208.0,3.85,,FALSE POSITIVE
6.89132,5.369,5940.0,11.3151,1419.0,673.704,5488.0,4.14,1.41,FALSE POSITIVE
0.6923563,0.803,810.0,10.6207,3080.0,14950.4,6422.1,3.86,1.85,FALSE POSITIVE
16.3152,1.992,2500.0,2.23088,630.0,26.312,3625.0,4.81,0.31,FALSE POSITIVE
0.88958,1.844,1240.0,3.8492,2273.0,4433.23,5586.2,4.21,1.11,FALSE POSITIVE
14.5187891,2.897,429.0,3.60283,714.0,43.2598,5844.8,4.13,1.79,FALSE POSITIVE
3.2242808,4.3100077,868.6214414,8.5752112,1222.3580538,527.6121099,4866.2,,2.62415,FALSE POSITIVE
1.76447,2.749,2640.0,27.921,3207.0,17578.1,8049.0,3.3,5.08,FALSE POSITIVE
12.6534664,4.0982077,27095.439949,20.5105778,819.7441326,106.7171624,5394.6,3.77,1.18915,FALSE POSITIVE
2.2778177,3.212,880.0,,4896.0,95451.3,9096.5,,,FALSE POSITIVE
2.6855915,2.0491187,488.2401788,3.5729712,1674.1918061,1856.700481,5796.0,4.14,1.51715,FALSE POSITIVE
14.278122,8.6972718,827.9264426,8.3566078,789.1468373,91.6541814,5105.0,3.39182,2.90324,CONFIRMED
3.217824,1.735,1288.0,5.84702,1081.0,227.191,5418.0,4.17,1.67,FALSE POSITIVE
2.8319354,3.21,780.0,4.18335,1531.0,914.113,5408.7,,1.48,FALSE POSITIVE
17.0614756,3.384,2730.0,17.1048027,1158.6125921,425.8669904,9184.7,4.09,2.14183,FALSE POSITIVE
6.0783344,4.8904528,16168.288913,16.9877965,998.7280008,235.1310083,8719.5,4.08,1.0,FALSE POSITIVE
1.30924,2.535,3370.0,,4208.0,52079.9,8832.5,4.26,,FALSE POSITIVE
10.2150168,1.9683066,994.1089045,1.4777754,420.9334696,7.4195034,3763.0,4.83739,0.447336,CONFIRMED
9.27898,6.514,9020.0,15.0807,1589.0,1058.72,5898.8,4.08,1.45,FALSE POSITIVE
6.1110945,4.2566318,1098.152672,5.873208,1013.3467617,249.203041,5725.0,4.54,1.07235,FALSE POSITIVE
0.5646193,1.295,510.0,3.01498,2674.0,8493.1,6237.0,4.24,1.3,FALSE POSITIVE
2.2818488,3.973,1483.0,7.2854,1940.0,2351.9,5368.0,,2.15,FALSE POSITIVE
3.4551479,5.7444704,5191.7260014,,1205.6461821,499.3447666,8046.5,4.12,,FALSE POSITIVE
104.8729635,6.554,12183.0,10.223,358.0,2.75278,5350.0,4.52347,0.88,CONFIRMED
3.7899524,5.5268401,4345.4373432,11.7871267,1263.4194534,602.1590809,5579.5,4.22,1.10456,FALSE POSITIVE
6.6570835,5.285,7164.0,14.8934,1336.0,528.884,5805.6,4.13,1.73,FALSE POSITIVE
4.31224,2.704,4990.0,12.3576,1414.0,664.873,,,1.72,FALSE POSITIVE
3.9416903,2.537,12840.0,19.6321,1722.0,1460.48,6190.4,4.15,1.48,FALSE POSITIVE
4.0337201,3.48,2868.0,11.5159,1841.0,1910.26,7369.0,4.27,2.22,CONFIRMED
7.72433,8.03,7120.0,20.0285,1630.0,1173.53,6249.4,4.19,2.32,FALSE POSITIVE
1.10833,2.288,1060.0,4.58274,2270.0,4415.23,5972.0,4.08,1.4,FALSE POSITIVE
8.1382222,3.2797025,3852.0299874,6.1757682,836.7056912,115.8275563,5414.0,4.438,0.951985,CONFIRMED
9.1270519,3.549,4568.0,8.34235,970.0,147.466,5400.0,4.43,1.18,CONFIRMED
3.098367,1.963,496.0,2.47118,1185.0,328.067,5400.0,4.43,1.18,CONFIRMED
2.3330349,3.005,2795.0,15.6213,2951.0,12107.6,5986.5,4.32,1.56,FALSE POSITIVE
1.79988,3.518,180.0,3.32197,2505.0,6540.68,6136.9,3.85,2.46,FALSE POSITIVE
723.8345008,7.382946,3119.2983693,13.1361697,275.2869842,1.3572621,5463.0,3.77778,1.94771,FALSE POSITIVE
52.9781419,4.7965246,6347.2690959,11.4471492,598.2132842,30.2653161,6461.8,4.35,1.33031,CONFIRMED
1134.6723963,8.6844623,11679.2159464,11.7582195,437.2015486,8.6347102,5842.0,4.39929,1.0735199,CONFIRMED
2.6162769,1.134893,1120.6014184,1.0972867,533.2271643,19.1060128,3352.0,4.8984,0.325635,CONFIRMED
3.3491408,1.207,7210.0,5.37673,657.0,31.0153,3223.0,4.89993,0.32,CONFIRMED
5.49826,2.04,12929.0,16.2801,,232.345,6362.6,,1.34,FALSE POSITIVE
7.4355709,2.3450321,1310.6803156,2.2761564,576.3403106,26.0757607,4218.9,4.67,0.622512,CONFIRMED
15.3468182,6.425,665.0,3.99579,933.0,126.052,5588.0,3.92293,1.8,CONFIRMED
0.4487349,2.8757897,3572.0328032,5.8054498,1408.021727,928.877466,3975.0,4.62844,0.627144,FALSE POSITIVE
8.8720542,3.6593396,6144.296801,11.9849813,1098.1716895,343.7177625,6042.0,4.15,1.47996,CONFIRMED
1.46329,2.431,750.0,3.54656,2149.0,3541.21,6168.0,4.29,1.28,FALSE POSITIVE
0.77871,1.458,670.0,6.16036,2789.0,10057.7,7751.0,4.0,2.25,FALSE POSITIVE
2.57134,3.824,920.0,10.7406,2382.0,5344.87,7125.0,3.54,3.56,FALSE POSITIVE
2.89453,3.327,550.0,6.20845,2743.0,9411.16,9714.0,3.98,2.68,FALSE POSITIVE
1.37477,1.601,960.0,3.0101,1612.0,1122.82,5825.0,4.44,1.02,FALSE POSITIVE
2.41872,2.685,1160.0,7.23529,1778.0,1660.52,6535.0,3.9,2.16,FALSE POSITIVE
4.1207509,2.158,973.0,7.46471,1963.0,2466.19,9953.0,4.09,2.38,FALSE POSITIVE
1.4971447,2.4024159,16266.2491958,16.2528494,1828.8199186,2643.654975,6081.0,4.31,1.2431901,CONFIRMED
7.4072602,3.019,14765.0,14.7857,1116.0,258.039,5887.0,4.35,1.14,FALSE POSITIVE
13.7905315,3.301,1140.0,2.60168,646.0,29.035,5021.6,4.6,0.76,CONFIRMED
1.62263,1.555,1630.0,4.33692,1439.0,713.443,5016.1,,1.01,FALSE POSITIVE
4.27808,1.9576205,1096.6013542,17.8096125,1222.901639,528.551257,4772.0,,5.2787499,FALSE POSITIVE
3.5684459,2.934,939.0,5.87762,1928.0,2297.53,8124.0,,2.08,FALSE POSITIVE
1.51567,2.281,750.0,14.18,1605.0,1102.82,4963.0,,4.96,FALSE POSITIVE
3.7543552,1.878,470.0,4.6716,1539.0,931.407,8398.0,4.27,1.75,FALSE POSITIVE
0.7363132,0.6736853,1322.5461054,1.5332682,840.1706554,117.7581671,3358.0,4.438,0.351676,CONFIRMED
2.2657506,3.419,388.0,8.00485,3256.0,18671.1,10125.0,3.62,4.14,FALSE POSITIVE
1.45655,1.51,580.0,1.83776,1273.0,436.167,4475.0,4.59,0.7,FALSE POSITIVE
4.04163,1.719,3100.0,13.1608,1163.0,304.098,6895.0,3.87,2.36,FALSE POSITIVE
1.76442,2.749,8800.0,23.0,3189.0,17176.2,9277.7,,2.26,FALSE POSITIVE
7.7690887,2.6251447,1416.7912077,2.3663308,481.070845,12.6577686,3700.0,4.70036,0.542573,CONFIRMED
5.6492853,4.0424046,44346.559983,26.5608527,1144.213679,405.0881542,5963.0,4.31132,1.21025,FALSE POSITIVE
10.3563596,3.4814933,923.942127,2.4103206,671.7367777,48.1191014,5149.6,4.6,0.772148,CONFIRMED
35.1257472,2.839,2066.0,3.17021,388.0,3.78846,5149.6,4.6,0.77,CONFIRMED
21.0153047,4.315,2072.0,3.78219,641.0,28.033,5149.6,4.6,0.77,CONFIRMED
10.5054362,2.4850401,1320.6016253,1.947929,432.3359777,8.2567001,3742.0,4.72382,0.515547,CONFIRMED
6.0784031,2.117,1810.0,2.07448,554.0,15.739,3630.0,4.76664,0.47,CONFIRMED
8.1490285,2.3210553,2850.6795113,2.5781465,441.633629,8.990204,3630.0,4.76664,0.466766,FALSE POSITIVE
124.72987,7.2967692,1781.9160024,3.5130935,292.6629465,1.7337719,4902.0,4.5026,0.831423,CONFIRMED
17.664866,2.7644951,736.3925122,1.2984859,351.2711274,3.5982457,3746.0,4.76979,0.463205,CONFIRMED
28.1722501,3.3983448,950.5653623,1.4475246,300.6575117,1.9311199,3746.0,4.76979,0.463205,CONFIRMED
3.1190716,1.1585974,2964.5828911,1.6229796,454.5004101,10.0845871,3285.0,4.98992,0.247331,CONFIRMED
6.3878202,1.4551851,5857.0164704,2.041471,357.8973634,3.8775285,3285.0,4.98992,0.247331,CONFIRMED
1.7890217,1.9190564,391.6251669,1.6741803,1237.8242135,554.8261181,5264.0,4.59586,0.791524,FALSE POSITIVE
19.5078657,4.603,1770.0,3.92839,780.0,61.4917,4316.0,4.56,0.71,FALSE POSITIVE
0.6332593,0.8622011,1191.4597195,5.3027904,2032.1990726,4030.7512475,5590.0,4.45374,0.976212,FALSE POSITIVE
2.45457,2.39,19250.0,14.183,1322.0,508.468,5565.0,4.45,0.97,CONFIRMED
0.67249,1.801,7890.0,15.7288,3053.0,14429.0,6647.0,4.12,1.7,CONFIRMED
1.2680452,1.027,538.0,2.24707,1320.0,504.879,5477.0,4.46,0.95,FALSE POSITIVE
5.24612,4.194,1030.0,5.61881,1220.0,368.522,5286.9,,1.76,FALSE POSITIVE
3.6944323,4.915,312.0,3.05838,2433.0,5824.87,8153.0,4.09,2.11,FALSE POSITIVE
5.3089937,5.876,531.0,3.29803,1883.0,2090.71,6927.0,4.18,1.65,FALSE POSITIVE
28.6620782,4.351,2600.0,12.4971,921.0,119.851,6280.0,4.05,1.72,FALSE POSITIVE
2.34483,1.417,370.0,4.2647,1367.0,580.577,6398.0,3.89,2.13,FALSE POSITIVE
7.2008611,2.03,50063.0,12.0629,491.0,9.67439,3606.0,4.74,0.5,CONFIRMED
5.7998189,1.014374,8567.3390223,2.6346124,354.6027378,3.7367095,3179.0,4.99978,0.240233,CONFIRMED
16.3413889,5.3764481,372.0970618,2.629079,777.2060824,86.231465,5991.11,4.37711,1.12506,CONFIRMED
9.2292078,2.817,1606.0,3.21883,690.0,37.6631,4406.0,4.50428,0.77,CONFIRMED
95.8531625,5.024,5975.0,5.95763,356.0,2.69104,4406.0,4.50428,0.77,CONFIRMED
7.8519082,1.6318726,3873.9591492,2.1705803,379.2777558,4.8904688,3384.0,4.87998,0.34388,CONFIRMED
1.4821845,2.5956827,16269.2562793,27.5079498,2029.0310837,4005.675856,6835.31,4.37191,1.31284,FALSE POSITIVE
18.2616878,3.434,971.0,2.85973,767.0,57.4643,5674.0,4.49483,0.94,CONFIRMED
10.2611329,7.369,1900.0,12.2521,1327.0,515.939,6202.0,3.63,2.78,CONFIRMED
5.8924856,3.134,4530.0,17.4655,1853.0,1958.56,7272.0,4.0,2.13,FALSE POSITIVE
23.48522,3.546,6020.0,14.0152,782.0,62.0856,5930.0,4.11,1.51,FALSE POSITIVE
2.2263798,2.863,1270.0,6.51393,1877.0,2064.9,6446.3,4.03,1.84,FALSE POSITIVE
15.64643,7.75,6010.0,16.1126,1181.0,323.367,5660.0,3.86,1.95,FALSE POSITIVE
3.3772835,3.6434514,7216.4961357,15.3058361,1745.8918919,2195.7879328,6688.0,4.11,1.73235,CONFIRMED
2.7180835,6.1842922,329.1728205,4.2423946,1888.9879062,3009.1075587,5668.0,3.76,2.1805999,FALSE POSITIVE
3.8240826,2.5172521,10096.1098633,16.0547024,1436.3420387,1005.8946259,6243.0,4.24,1.38719,CONFIRMED
3.7246883,3.078,3320.0,10.8811,1426.0,686.503,6144.0,4.02,1.74,CONFIRMED
0.67554,0.922,680.0,15.6973,2591.0,7493.17,4872.0,,2.74,FALSE POSITIVE
8.4249043,2.311,21600.0,15.0361,864.0,92.8193,5756.0,4.51,0.93,FALSE POSITIVE
8.6007557,3.304,5090.0,10.7988,837.0,81.4989,5389.0,4.06,1.5,CONFIRMED
34.5059318,3.8206653,17387.9834231,10.4625162,448.7222169,9.5814512,5025.77,4.66348,0.801736,CONFIRMED
17.3890454,2.6516541,2971.7532268,6.4840125,563.8759593,23.8921547,5025.77,4.66348,0.801736,CONFIRMED
1.5873866,1.51,110.0,1.09083,1294.0,466.553,5028.0,4.55,0.81,FALSE POSITIVE
12.9773004,4.391,997.0,7.75284,1740.0,1521.69,6610.0,4.14,1.66,FALSE POSITIVE
1.09333,1.975,1250.0,12.2642,1886.0,2102.07,5274.0,,3.39,FALSE POSITIVE
23.0531698,1.228,2940.0,9.12613,466.0,7.85406,5752.0,4.3,1.19,FALSE POSITIVE
37.83633,5.713,8240.0,13.5094,833.0,80.1971,6641.0,4.38,1.26,FALSE POSITIVE
3.1385875,3.541,584.0,4.70639,3201.0,17444.7,6278.0,4.08153,1.55,FALSE POSITIVE
0.6856225,0.751,723.0,3.35129,1968.0,2492.49,5829.0,4.41,1.06,FALSE POSITIVE
15.1689723,2.0633315,7818.5475582,11.7952966,770.7126737,83.3855897,5713.0,4.34,1.12898,CONFIRMED
260.1740061,24.0527095,4747.959592,11.3192423,360.169028,3.9769164,5739.0,4.03,1.62762,CONFIRMED
6.9067868,6.6850674,1751.7778572,13.4176028,1676.0537927,1864.9741402,5731.8,3.65,3.1513801,CONFIRMED
4.4617755,5.4532494,18854.6431909,31.9660922,1723.6509122,2086.0189812,6354.0,4.24472,2.23892,FALSE POSITIVE
2.1223673,1.5855365,8056.3340252,12.9814367,1596.3943994,1534.9059997,6079.0,4.33912,1.19653,CONFIRMED
15.3419095,2.736,683.0,1.7005,541.0,14.2526,4669.0,4.63,0.69,CONFIRMED
1.1953968,1.5752293,1127.2344564,3.5030245,1720.8556767,2072.5203184,5728.0,4.4217,1.02917,CONFIRMED
10.6953083,2.044,920.0,2.84818,796.0,66.8553,5272.71,3.98846,0.88,CONFIRMED
11.9124942,3.7520869,19304.2778014,11.3754057,652.0656914,42.7254261,5064.0,4.53576,0.823883,CONFIRMED
0.8891483,1.1970992,44722.5890994,14.8249782,1043.8317455,280.571145,3653.0,4.60969,0.649887,FALSE POSITIVE
8.000489,4.6706895,4606.7419685,10.9709265,1178.0320316,455.1446051,6146.0,4.12,1.55738,CONFIRMED
0.62425,0.774288,954.060325,1.671618,1106.2112728,353.894099,3765.0,4.75169,0.525,FALSE POSITIVE
3.0911721,1.9714799,349.193899,1.666703,1057.0895356,295.0992437,5253.0,4.54958,0.834386,CONFIRMED
5.7772122,2.56341,1470.3821261,2.8693434,751.4597253,75.3605118,4882.7,4.6,0.729818,CONFIRMED
,0.68,5530.0,8.85869,777.0248613,86.1510668,5709.0,4.438,1.0929,FALSE POSITIVE
8.4536777,3.5738006,2872.2887525,4.0269258,754.6240935,76.6379132,3588.0,4.60198,0.698009,CONFIRMED
3.36296,2.594,750.0,2.69668,1257.0,414.8,5420.0,4.5,0.9,FALSE POSITIVE
1.79217,1.797,1710.0,21.4342,1273.0,436.663,4884.0,,4.7,FALSE POSITIVE
3.5315897,2.689,7230.0,14.2116,1349.0,551.242,6209.0,4.09,1.62,CONFIRMED
0.49642,0.572,1000.0,5.57222,2018.0,2758.3,7000.0,4.33,1.41,FALSE POSITIVE
92.1950921,4.206,3760.0,18.9408,308.0,1.49663,5030.6,,3.0,FALSE POSITIVE
3.06555,2.483,2920.0,5.41363,1763.0,1605.05,5285.0,4.7,0.71,FALSE POSITIVE
2.9663437,4.44,206.0,2.02837,1927.0,2291.32,5807.0,4.14,1.59,FALSE POSITIVE
1.27349,1.655,920.0,13.6856,1522.0,891.053,4982.0,,4.35,FALSE POSITIVE
0.8153098,1.373,189.0,1.19041,2023.0,2785.3,5729.0,4.47487,0.97,FALSE POSITIVE
35.1896444,3.3254029,4524.9353925,2.2253696,230.7752258,0.6703132,3446.0,4.89707,0.326932,CONFIRMED
9.6799809,1.806,15870.0,14.6081,658.0,31.1433,5980.0,4.39,1.11,FALSE POSITIVE
,2.67,13400.0,4.214299,272.4674275,1.3025049,3396.0,4.91468,0.334,FALSE POSITIVE
0.3524597,0.578,305.0,1.76224,1825.0,1844.98,5432.0,4.51,0.9,CONFIRMED
2.326343,1.2195051,4153.6144436,1.9763187,502.933455,15.1203939,3244.0,4.97167,0.261162,CONFIRMED
3.4950422,1.0311342,2004.426903,1.2734423,400.3206181,6.0694989,3022.0,4.99625,0.242745,CONFIRMED
2.2891027,0.8344032,1384.622855,0.9131404,460.9675388,10.6709326,3022.0,4.99625,0.242745,CONFIRMED
2.6796164,0.9028948,827.5423687,1.8334769,771.4561825,83.7078249,3943.0,4.62547,0.63072,CONFIRMED
4.9707023,2.586,487.0,2.38733,1186.0,328.783,6109.0,4.33438,1.21,FALSE POSITIVE
27.2672016,2.4164839,1154.3278885,1.5781136,287.0767134,1.6051398,3546.0,4.77262,0.460014,CONFIRMED
0.7196291,1.474746,4971.1456595,12.2917419,2797.5117326,14474.6698966,6454.0,4.3,1.69458,FALSE POSITIVE
3.0958985,1.8584684,10354.9916952,19.2443952,1515.409487,1246.3528431,6764.0,4.3,1.25844,FALSE POSITIVE
,8.4494541,6007.8703021,11.625865,676.5210666,49.504685,5635.75,4.12397,1.43565,FALSE POSITIVE
,6.1120058,855.5836036,4.1844083,253.0759438,0.9694479,6329.0,4.24509,1.39619,CONFIRMED
,4.4875335,4111.2234826,18.0,769.2502648,82.7545001,5879.0,4.28122,1.23623,FALSE POSITIVE
20.2254946,2.2719961,712.14897,1.9090249,458.0310383,10.4016117,4465.0,4.6,0.697547,CONFIRMED
11.3071786,2.824,264.0,1.02968,581.0,18.9311,4465.0,4.6,0.7,CONFIRMED
0.98656,0.724,390.0,3.78687,1363.0,574.294,5522.0,3.99,1.64,FALSE POSITIVE
17.1019622,3.357,11430.0,10.1067,589.0,20.0982,5302.3,4.4,0.93,CONFIRMED
7.7119842,4.058,3176.0,10.7188,1340.0,536.15,6458.0,4.03,1.83,CONFIRMED
2.994263,6.9172309,1120.6492357,11.5655979,1272.4603411,619.5809037,4784.0,,3.22859,CONFIRMED
22.6539607,3.468,11530.0,12.2765,537.0,13.8485,5523.0,4.33,1.12,CONFIRMED
1.6471574,1.033,3880.0,6.06894,1215.0,362.237,5027.0,4.64,0.73,FALSE POSITIVE
0.87741,0.472,12050.0,8.59148,630.0,26.3008,3495.0,4.64,0.62,FALSE POSITIVE
3.9471567,1.699,1880.0,3.86968,809.0,71.367,4794.0,4.47,0.84,FALSE POSITIVE
0.5109902,0.709,2720.0,9.54792,2222.0,4048.85,6095.0,4.13,1.53,FALSE POSITIVE
1.1258127,0.374,1440.0,13.1558,1361.0,570.852,6423.0,4.36,1.24,FALSE POSITIVE
4.534451,4.936391,23574.842911,23.183789,1435.559122,1003.7032593,6421.5,4.19,1.47459,FALSE POSITIVE
22.84518,7.215,9210.0,15.1752,862.0,91.9765,5963.1,4.08,1.57,FALSE POSITIVE
4.0197555,2.688,9750.0,9.57594,1062.0,211.813,5216.0,4.44,0.94,CONFIRMED
0.659752,0.6731474,1138.1047916,4.3019481,2343.7030204,7130.6861294,5832.0,4.26,1.25112,FALSE POSITIVE
5.1750108,2.0076562,13020.075325,11.4726621,910.9289033,162.7267425,5177.0,4.48,0.892685,CONFIRMED
5.4361667,1.5419673,4797.1288482,1.7175409,352.0718502,3.6311669,3139.0,5.04944,0.211299,CONFIRMED
1.1792344,1.7572263,5398.6996811,26.9739777,2879.9468214,16257.6914094,6127.1,3.67,2.6058199,FALSE POSITIVE
13.3368173,4.384,8210.0,11.2448,805.0,69.8726,5517.0,4.26,1.2,CONFIRMED
4.31362,1.709,9490.0,8.01917,755.0,54.2011,4929.5,0.1,0.8,CONFIRMED
5.4693888,1.8076781,32411.855989,11.5779216,584.247334,27.5364506,3770.0,4.61871,0.638902,CONFIRMED
1.2730965,1.48,414.0,1.57925,1412.0,660.277,5024.0,4.5685,0.77,CONFIRMED
2.1357026,1.9116457,29272.618489,11.6264152,799.5461856,96.5817843,3678.2,,0.666652,CONFIRMED
1.0339,1.404,520.0,5.37338,1993.0,2619.59,6444.0,3.84,2.28,FALSE POSITIVE
74.6068965,4.8874071,2304.7237253,9.1295659,487.5546513,13.3540875,6142.0,4.35874,1.18003,FALSE POSITIVE
74.6065192,3.6758167,2377.6887561,9.5163991,487.555473,13.3541775,6142.0,4.35874,1.18003,FALSE POSITIVE
3.0766835,1.2491751,18848.5607395,2.722618,410.2983965,6.6976166,3163.0,5.0701,0.1966,CONFIRMED
2.7029187,1.6998642,5132.6782834,3.7942392,657.0962083,44.0592242,3596.0,4.71597,0.524573,CONFIRMED
0.782765,1.2621481,519.1912192,1.7472713,1288.7431256,651.9082071,4099.0,4.52,0.727642,CONFIRMED
13.4190392,5.9221882,4668.5368695,12.4259675,914.4158726,165.23271,5184.9,3.9254,1.69269,FALSE POSITIVE
8.2754608,3.755,6510.0,11.5451,942.0,130.93,5515.2,4.24,1.39,CONFIRMED
4.83266,2.308,830.0,4.9031,993.0,161.807,5485.4,3.9,1.83,FALSE POSITIVE
25.86696,4.923,2240.0,7.41184,883.0,100.989,5095.0,4.56,0.8,FALSE POSITIVE
6.340315,4.249306,25410.703288,20.517917,1141.1166259,400.7201062,6083.0,4.28983,1.2666,FALSE POSITIVE
5.84259,3.747,2670.0,11.8252,1166.0,307.599,5707.0,3.76,2.2,CONFIRMED
4.3474,4.684,3520.0,10.753,1475.0,786.037,5618.0,3.93,1.79,CONFIRMED
12.3750537,6.6166181,4155.6104825,17.1909846,1258.376981,592.6032964,6173.5,3.76326,2.36235,FALSE POSITIVE
1.30613,0.634,560.0,1.99844,783.0,62.7136,4072.0,4.58,0.68,CONFIRMED
0.224195,0.292,540.0,5.59553,1998.0,2649.15,4079.0,4.58,0.68,CONFIRMED
1.9426003,1.0206743,504062.379922,,1460.76696,1076.0804741,5780.0,4.438,,FALSE POSITIVE
7.397216,1.3164962,953.5477499,1.2711131,409.942287,6.6743946,3342.0,4.438,0.407103,CONFIRMED
17.1217196,6.507,131000.0,10.2267,1053.0,204.585,5762.0,4.44944,1.0,FALSE POSITIVE
15.6692322,4.562853,1393.3814802,2.6868893,486.9971964,13.2931176,4214.44,4.52845,0.732115,CONFIRMED
0.3711334,0.4918187,2322.6218151,1.4062147,964.4647664,204.4873602,3333.0,4.95786,0.272233,CONFIRMED
,8.291,8735.0,10.2185,719.0,44.5933,5825.0,4.43,1.04,CONFIRMED
9.0182016,3.08,492.0,3.54998,1463.0,762.028,9671.0,4.33,1.78,FALSE POSITIVE
16.6542431,7.792,10168.0,11.9082,1215.0,362.642,6054.0,4.43,1.08,CONFIRMED
0.3438892,0.9696069,24850.3953805,8.5611179,1174.242267,449.3159514,3199.0,4.70217,0.540483,FALSE POSITIVE
0.9776805,0.7657397,965.3175192,3.3784252,1554.1366421,1378.7254797,4456.2,,1.09813,FALSE POSITIVE
3.7369689,1.9917422,310.4978088,2.3797323,1396.0501486,897.6872949,6092.0,4.25,1.32975,CONFIRMED
19.1047019,3.2516728,1906.0596245,2.9365337,435.7259839,8.5187297,4195.0,4.59888,0.675093,CONFIRMED
24.4232697,3.788,1920.0,11.2009,782.0,62.1143,6102.0,3.75,2.37,FALSE POSITIVE
2.3767548,3.225,7940.0,23.4044,2006.0,2690.9,6931.0,3.8,2.57,FALSE POSITIVE
15.7925628,2.823,1190.0,4.82429,620.0,24.617,5600.0,4.16,1.37,FALSE POSITIVE
11.3543085,3.414,2190.0,9.40688,913.0,115.756,6421.0,3.98,1.92,FALSE POSITIVE
1.4853364,1.302,650.0,4.86539,1675.0,1309.65,6137.7,4.19,1.51,FALSE POSITIVE
11.2347982,6.217,4780.0,12.196,1121.0,262.58,6016.4,4.01,1.72,CONFIRMED
10.1004307,4.977,13680.0,17.4827,1118.0,260.172,6519.0,4.22,1.49,FALSE POSITIVE
10.655694,7.8236322,2103.6578759,11.7630857,1433.4467118,997.808531,6715.0,3.79727,2.49897,CONFIRMED
3.7382381,2.975208,1316.4622757,4.774123,1352.3587386,790.4759269,5938.0,4.25146,1.2906801,CONFIRMED
4.9377227,2.1294254,844.8199092,2.8269897,1041.1942661,277.7461661,5862.0,4.51783,0.955756,CONFIRMED
1.9785151,1.282,500.0,2.69714,1326.0,514.024,6317.0,4.35,1.23,FALSE POSITIVE
0.7951534,0.912,1920.0,9.70612,1906.0,2195.21,6811.0,4.02,1.96,FALSE POSITIVE
2.6788253,2.49,350.0,5.07891,1726.0,1476.0,6863.0,3.93,2.19,FALSE POSITIVE
7.1858029,4.2542613,11192.4995247,13.1612,1061.0,210.609,5758.3,4.3,1.19,CONFIRMED
23.3418536,6.4129373,6473.602151,9.7267129,512.9721403,16.3642505,4944.0,4.51,0.824284,CONFIRMED
49.2445599,6.5807145,15606.4614867,10.3670919,399.9626824,6.0478205,4944.0,4.51,0.824284,CONFIRMED
,8.943,4240.0,10.9718,808.0,70.9731,5822.0,3.97,1.75,CONFIRMED
94.0997954,4.8738442,20525.1201107,14.5890881,421.2871907,7.444474,4696.7,4.54,1.0143,CONFIRMED
7.5427509,6.4481914,3098.3066655,10.8099759,1331.0393949,741.7962608,6349.8,4.11,1.86619,CONFIRMED
21.0689935,3.7404027,3392.7700746,15.3646915,952.5129011,194.5380096,5441.0,4.41,1.98859,FALSE POSITIVE
7.9940367,4.271047,404.6194381,2.5576021,1022.9865778,258.8217348,5846.29,4.26525,1.25324,CONFIRMED
1.4468993,0.779,549.0,4.98711,1719.0,1452.18,5238.0,4.54438,0.84,CONFIRMED
9.0702531,1.9063647,3806.1953378,5.7395383,827.1534677,110.6280815,5509.1,4.52,0.916742,FALSE POSITIVE
6.2636501,5.3639991,7043.2784811,17.7665063,1574.6602021,1453.0093429,6969.2,4.17,2.04438,FALSE POSITIVE
16.0475029,3.334,13630.0,19.3344,725.0,46.0707,6337.5,,1.6,FALSE POSITIVE
5.9839451,5.3886513,3826.4375501,10.7016592,1278.9368045,632.2914999,5609.0,3.96,1.71761,CONFIRMED
18.3877081,6.405153,1191.0283192,6.3790962,972.3814218,211.2844875,6382.7,4.05,1.76557,CONFIRMED
2.9887654,2.9847247,15493.9490407,14.0699828,1307.2435081,690.1555373,5639.0,4.34,1.12141,CONFIRMED
6.0027375,4.164,6100.0,8.72806,,475.015,5633.0,,1.08,FALSE POSITIVE
3.1901569,1.8262867,3648.2442456,15.146461,1867.7902797,2876.2951268,6474.57,4.26363,1.98958,FALSE POSITIVE
3.397862,4.502,9960.0,18.3834,1870.0,2031.47,6590.0,4.05,1.83,CONFIRMED
4.52074,4.175,8520.0,13.7321,1440.0,713.859,6050.0,4.14,1.49,CONFIRMED
4.0266483,2.312,754.0,1.90189,1065.0,213.735,5276.5,4.6,0.78,FALSE POSITIVE
5.4566563,3.783,4160.0,10.9408,1230.0,381.078,5674.8,4.04,1.72,CONFIRMED
61.6277,6.401,8878.0,11.7392,601.0,21.7464,5581.0,4.16,1.07,CONFIRMED
8.493027,3.733,20750.0,20.982,1104.0,246.718,6287.0,4.23,1.41,FALSE POSITIVE
5.73436,1.146,17740.0,21.0528,588.0,19.8561,4405.0,4.41,0.86,FALSE POSITIVE
13.4758478,2.0643913,708.9461601,1.9840882,455.6136246,10.1837519,4111.0,4.6461,0.618173,CONFIRMED
3.3639254,3.3430495,422.0610761,3.0449863,1387.0636575,874.7955667,5890.3,3.92,1.28018,CONFIRMED
13.0393586,4.9218325,625.5995687,3.3482223,1007.5256829,243.5260946,5890.3,3.92,1.31383,CONFIRMED
2.1538959,2.1776943,96363.0926604,16.0166732,603.8106997,31.4140709,3148.0,4.75166,0.483749,FALSE POSITIVE
11.1452784,1.3947705,566.2736451,2.0671456,700.5241733,56.9132658,5302.58,4.53515,0.848675,CONFIRMED
0.5474737,1.789,1430.0,10.9219,2391.0,5430.93,5073.0,3.5,2.84,FALSE POSITIVE
0.5568095,0.9712066,45140.5350425,9.6870229,999.3239856,235.6927628,3116.0,5.06043,0.439738,CONFIRMED
0.907105,1.711,1430.0,7.82059,3617.0,28442.1,6164.0,4.4,1.13,FALSE POSITIVE
4.880964,1.6120362,3385.5526856,9.7354897,1275.8083387,626.1274546,6309.0,4.32298,1.27132,CONFIRMED
7.3164282,2.235,37130.0,17.3698,738.0,49.3074,4884.0,4.5,0.83,FALSE POSITIVE
10.7510107,2.943424,638.0928566,2.3581827,787.3911722,90.8412638,5784.0,4.438,0.918917,CONFIRMED
6.19132,3.4164,345.240264,1.759371,981.282679,219.1278279,5784.0,4.438,0.929557,CONFIRMED
3.9602774,0.884,6193.0,24.4489,974.0,149.866,5863.0,4.43,1.04,FALSE POSITIVE
7.7517472,3.761,861.0,11.6856,929.0,123.828,5133.0,,4.75,FALSE POSITIVE
6.203496,5.715,810.0,9.93735,1226.0,375.554,4859.0,,3.98,CONFIRMED
3.1630387,4.661,1130.0,6.82612,3197.0,17348.8,6187.0,4.26,1.34,FALSE POSITIVE
1.476869,1.451,2670.0,13.2219,2608.0,7685.32,6712.0,4.28,1.37,FALSE POSITIVE
0.6293198,1.129,3730.0,4.46635,1973.0,2516.29,5508.0,4.63,0.79,FALSE POSITIVE
3.6977167,0.9308263,4755.6707294,2.942044,533.8429511,19.1944226,3607.0,4.438,0.397924,CONFIRMED
5.6605693,1.6631704,3856.1060852,2.4070872,452.8709226,9.9407408,3551.0,4.83982,0.374358,CONFIRMED
11.3795653,2.2350305,3147.0461739,2.2539464,358.827663,3.9180021,3551.0,4.83982,0.374358,CONFIRMED
3.3601377,1.413245,972.9589363,1.1843718,538.8593825,19.9261226,3551.0,4.83982,0.374358,CONFIRMED
2.3540172,2.36,6660.0,14.4919,1548.0,954.677,6114.0,4.02,1.74,FALSE POSITIVE
1.2434016,0.939,4070.0,5.66309,1255.0,412.506,4967.0,4.6,0.75,FALSE POSITIVE
2.4993895,2.99,10610.0,12.9239,1544.0,945.55,5737.0,4.28,1.21,CONFIRMED
1.3164901,1.389,3580.0,11.2218,1694.0,1368.05,6341.0,4.04,1.78,FALSE POSITIVE
3.3759446,3.538,1270.0,6.03548,1514.0,874.29,5701.0,3.99,1.69,CONFIRMED
0.7418594,1.5026958,2983.6257317,6.0238347,1330.6211479,740.8643338,4304.6,4.57,0.66174,FALSE POSITIVE
0.7029205,1.325,2480.0,7.51559,2438.0,5873.32,6699.0,4.18,1.6,FALSE POSITIVE
3.4771921,2.002,3250.0,11.1486,1263.0,422.8,6539.0,3.99,1.94,FALSE POSITIVE
0.5417947,1.1716379,537.9244902,2.8738733,1836.8537579,2690.4153124,5181.0,4.54631,0.807298,FALSE POSITIVE
1.1472535,1.789,4090.0,17.228,3147.0,16302.6,9742.0,4.01,2.59,FALSE POSITIVE
0.787177,1.515,1350.0,,1770.0,1632.52,4899.5,,,FALSE POSITIVE
0.9422588,1.46,1060.0,3.75015,1824.0,1840.19,5544.7,4.37,1.07,FALSE POSITIVE
1.5971584,3.429,5070.0,17.7465,3090.0,15134.3,6033.0,3.86,2.06,FALSE POSITIVE
4.8000953,1.9968681,5241.0677476,17.0718101,1449.5280892,1043.344051,6366.0,4.16217,1.58083,FALSE POSITIVE
0.4405893,1.075,1850.0,6.74949,2317.0,4788.57,5643.0,4.1,1.48,FALSE POSITIVE
1.5080197,1.032,1790.0,3.01287,855.0,89.0458,4008.0,4.6,0.66,CONFIRMED
3.9934418,1.9693065,5801.8957159,4.2556645,587.9229796,28.2359721,3748.0,4.7573,0.523113,CONFIRMED
3.8454384,4.736,4590.0,13.6848,1870.0,2030.9,6733.4,3.98,2.02,FALSE POSITIVE
3.7804749,3.615,22150.0,17.9247,1497.0,835.088,5112.0,4.56,0.81,FALSE POSITIVE
2.9038027,3.511,5860.0,13.4427,2409.0,5592.86,6570.0,4.21,1.51,FALSE POSITIVE
0.2573207,0.629,1330.0,4.81101,2349.0,5062.7,5784.0,4.38,1.09,FALSE POSITIVE
3.0071496,4.461,3310.0,8.05598,1848.0,1939.81,5906.0,4.14,1.45,FALSE POSITIVE
4.808498,1.405,11010.0,15.0839,797.0,67.1926,5449.5,4.13,1.38,CONFIRMED
1.962292,2.935,20910.0,17.4523,1882.0,2085.59,6384.0,4.41,1.16,CONFIRMED
12.4498835,5.45,1827.0,20.0559,2408.0,5588.85,8469.0,3.96,2.51,FALSE POSITIVE
5.5553784,2.256,1050.0,13.2411,1357.0,564.535,8058.0,3.57,3.79,FALSE POSITIVE
3.0750728,2.219,510.0,3.62818,1545.0,948.001,6888.0,4.25,1.52,FALSE POSITIVE
3.059168,4.992,7610.0,13.504,2502.0,6509.45,5657.0,4.37,1.08,FALSE POSITIVE
4.0397189,3.655,15110.0,14.2282,1515.0,876.846,5758.5,4.27,1.14,CONFIRMED
56.0045056,10.4337079,767.9192527,4.6074444,596.6666471,29.9535327,6321.0,4.22436,1.41189,CONFIRMED
84.2607645,10.925059,440.1660616,3.4359102,520.7120401,17.3744666,6321.0,4.22436,1.41189,CONFIRMED
22.8909855,2.465657,253.4100012,2.5594629,803.9912632,98.7475477,6321.0,4.22436,1.41189,CONFIRMED
4.6141256,1.566,4920.0,10.7957,1001.0,167.033,6888.0,4.37,1.33,FALSE POSITIVE
1.1468708,1.3965477,2762.6275979,11.7343018,2702.390069,12604.1379184,6755.0,4.0,1.99145,FALSE POSITIVE
2.9646096,2.232,27860.0,15.291,1098.0,241.662,5306.0,4.51,0.88,FALSE POSITIVE
5.4521068,4.702,8170.0,15.3694,1623.0,1153.14,5878.0,4.03,1.64,FALSE POSITIVE
0.879268,1.529,4550.0,11.9007,2142.0,3494.7,6259.0,4.06,1.7,FALSE POSITIVE
1.3090665,2.844,209.0,0.97952,1906.0,2194.21,4779.8,4.57,0.78,FALSE POSITIVE
3.5514016,2.207,8480.0,11.8731,1198.0,342.119,6019.0,4.29,1.26,CONFIRMED
3.5524144,2.784,2060.0,8.52936,1572.0,1015.53,6843.0,,1.82,CONFIRMED
3.145502,2.411,6190.0,20.1993,1436.0,707.742,6397.0,3.83,2.29,FALSE POSITIVE
3.0244222,5.3680787,267015.5224574,,1260.3600138,596.3475879,6758.0,4.19,,FALSE POSITIVE
3.4906402,1.586,4580.0,8.78597,1050.0,202.549,6066.0,4.34,1.18,FALSE POSITIVE
0.599092,1.232,1290.0,11.5931,1950.0,2400.89,5220.0,,3.19,FALSE POSITIVE
4.5117221,1.785,313.0,1.40246,850.0,86.7681,5245.0,4.57666,0.79,CONFIRMED
39.361947,4.535,552.0,1.84555,606.0,22.4437,5245.0,4.57666,0.79,CONFIRMED
1.1894812,3.047,4130.0,9.44872,2714.0,9015.13,6550.0,4.21,1.5,FALSE POSITIVE
0.4057204,1.201,2620.0,6.83767,2895.0,11661.9,6541.0,4.33,1.32,FALSE POSITIVE
5.2201338,2.584,6040.0,14.7463,2058.0,2982.23,11632.0,4.35,1.95,FALSE POSITIVE
3.3004862,2.959105,2403.5706041,8.5365984,1546.3199559,1351.1962911,6408.0,4.26,1.30784,FALSE POSITIVE
2.0849517,3.099,2380.0,4.65169,2014.0,2731.54,6163.0,4.56,0.94,FALSE POSITIVE
2.3252878,2.277571,29370.954615,12.8754,1375.7827266,846.6821648,5744.0,,1.1,FALSE POSITIVE
21.05271,4.91,21440.0,36.6999,835.0,80.9224,5736.0,3.97,1.73,FALSE POSITIVE
2.9918201,2.231,3410.0,5.2899,1175.0,317.354,5301.0,4.5,0.89,FALSE POSITIVE
12.08837,3.106,5990.0,18.1866,1048.0,200.957,5920.0,4.22,1.34,FALSE POSITIVE
1.6363822,5.2796046,2383.8690387,10.6745489,2119.2651364,4767.1868729,6361.0,4.09,1.6787,FALSE POSITIVE
1.3328042,2.75,1960.0,7.33432,2422.0,5718.54,6561.0,4.12,1.67,FALSE POSITIVE
7.327945,2.896,13710.0,9.49027,697.0,39.3409,4521.0,4.5,0.79,CONFIRMED
2.0391741,0.849,5740.0,,943.0,131.518,5371.5,,,FALSE POSITIVE
1.9905105,2.62,2270.0,5.94241,2665.0,8376.54,6211.0,4.46,1.07,FALSE POSITIVE
1.3550447,1.945,3710.0,,4486.0,67280.3,14466.0,,,FALSE POSITIVE
4.4433921,3.414,6480.0,12.1784,2217.0,4015.1,7664.0,4.51,1.23,FALSE POSITIVE
3.2517862,4.373,18310.0,13.6873,1966.0,2483.34,5824.0,4.53,0.92,FALSE POSITIVE
2.3505698,2.768,11210.0,12.9823,1434.0,703.632,5356.0,,1.22,CONFIRMED
3.6015056,3.024,13630.0,12.3972,1353.0,556.616,6055.0,4.46,1.03,CONFIRMED
1.6709011,2.2820392,1210.5574745,5.3730452,1959.4946555,3484.153938,7051.0,4.42,1.2684,FALSE POSITIVE
5.1627718,3.139,19050.0,15.0573,1273.0,437.179,6749.0,4.53,1.08,FALSE POSITIVE
2.75753,1.376,1071.45,6.99891,1044.0,197.323,5776.5,2.99,1.94,FALSE POSITIVE
2.090218,3.329,8180.0,19.2766,2186.0,3795.71,6328.0,,2.08,FALSE POSITIVE
3.2891219,2.948,8100.0,15.1457,1941.0,2357.82,6947.0,4.19,1.64,FALSE POSITIVE
2.0958074,2.992,2350.0,7.63843,2226.0,4081.38,6793.0,4.2,1.6,FALSE POSITIVE
3.9678136,4.238,760.0,2.81756,1664.0,1275.1,6138.0,4.48,1.03,FALSE POSITIVE
6.5832019,3.135,5280.0,7.13313,1003.0,168.677,5809.0,4.48,0.97,FALSE POSITIVE
3.9014904,4.83,9050.0,16.2567,1511.0,865.697,5512.0,3.97,1.69,CONFIRMED
0.3859142,1.189,5590.0,7.76491,2999.0,13435.8,6721.0,4.55,1.05,FALSE POSITIVE
2.24172,3.989,23700.0,28.4732,2029.0,2815.2,6292.0,3.98,1.88,FALSE POSITIVE
13.2681095,3.554,2140.0,11.9718,862.0,91.8511,6364.0,3.75,2.48,FALSE POSITIVE
1.3168344,0.733,3640.0,,1027.0,184.682,5211.7,,,FALSE POSITIVE
1.3934565,2.809,2530.0,,1345.0,544.526,3301.0,,,FALSE POSITIVE
0.5465391,1.6114979,3122.1584293,9.5365498,2961.8427338,18187.3314373,6091.0,4.05,1.66057,FALSE POSITIVE
1.2669382,1.93,2580.0,7.13535,1985.0,2579.61,6296.0,4.26,1.36,CONFIRMED
1.9268037,1.4,2260.0,3.42735,943.0,131.648,4249.0,4.59,0.68,CONFIRMED
4.5300175,5.331,35800.0,,2324.0,4849.38,9046.0,,,FALSE POSITIVE
2.8831285,3.53,26290.0,28.6734,1332.0,523.57,,,1.77,FALSE POSITIVE
0.7428708,1.112,4970.0,7.86186,1813.0,1797.04,5635.9,4.35,1.11,FALSE POSITIVE
6.1836286,2.573,9990.0,13.3233,1042.0,195.93,6504.0,4.34,1.29,FALSE POSITIVE
3.2615,2.233,1652.28,5.07097,1248.0,403.299,5963.0,3.41,1.13,FALSE POSITIVE
3.5506084,2.706,16040.0,14.4767,1084.0,230.045,5083.0,4.26,1.13,FALSE POSITIVE
3.55562,1.838,2610.0,11.1675,1428.0,691.805,5671.0,4.19,1.34,FALSE POSITIVE
1.1216021,1.6434889,3599.1066292,,1754.2674951,2238.2277057,3294.0,,,FALSE POSITIVE
1.7765395,1.258,14020.0,16.6,1537.0,926.709,6394.0,4.33,1.28,FALSE POSITIVE
1.1960086,2.35,11770.0,15.4837,2578.0,7334.0,7108.0,4.26,1.55,FALSE POSITIVE
3.5366743,2.697,13180.0,13.338,1280.0,446.023,5971.0,4.37,1.14,FALSE POSITIVE
1.84996,2.954,9350.0,13.3315,2021.0,2772.81,6320.0,4.26,1.37,FALSE POSITIVE
1.46503,1.145,3162.12,5.43222,1379.0,601.367,5912.5,4.36,0.88,FALSE POSITIVE
1.2361087,1.139,19760.0,8.82245,1131.0,272.064,4313.2,,0.59,FALSE POSITIVE
1.14057,2.188,5009.01,6.52263,2986.0,13201.6,5349.5,4.44,0.84,FALSE POSITIVE
2.6985136,4.856,13510.0,,1288.0,457.995,3922.8,,,FALSE POSITIVE
3.2136333,1.875,7810.0,11.1273,1215.0,362.609,6189.4,4.32,1.25,FALSE POSITIVE
3.3704313,4.608,5610.0,13.6938,1723.0,1466.04,5765.0,3.92,1.85,CONFIRMED
7.4316274,3.868,13740.0,,628.0,25.9699,3505.0,,,FALSE POSITIVE
0.8970184,2.434,12070.0,,,,,,,FALSE POSITIVE
2.5926199,1.269,78210.0,11.0137,537.0,13.8883,3375.0,4.85,0.37,CONFIRMED
2.9098435,1.928,9480.0,13.2842,1228.0,378.481,5955.0,4.24,1.31,FALSE POSITIVE
4.3622356,2.645,18670.0,11.0608,856.0,89.5299,4486.0,4.5,0.78,FALSE POSITIVE
2.5336422,2.865,13290.0,29.183,2065.0,3022.37,6038.0,4.22,1.36,FALSE POSITIVE
0.8831279,1.651686,2068.0674877,4.3749094,1609.5701933,1586.2100083,5151.4,4.51,0.86,CONFIRMED
5.7042858,4.061264,940.986289,5.0247868,1249.9428806,576.8749367,5560.5,4.01,1.61148,CONFIRMED
3.910946,3.28,5210.0,10.6878,1315.0,497.733,5642.0,4.07,1.54,FALSE POSITIVE
3.8780401,2.757,5030.0,8.5758,1380.0,602.229,5617.0,4.31,1.15,FALSE POSITIVE
2.4843369,1.154,4450.0,8.59746,991.0,160.141,5608.0,3.94,1.76,FALSE POSITIVE
4.8435717,2.561,6120.0,15.3767,1429.0,693.687,5552.0,4.42,1.01,FALSE POSITIVE
2.128423,2.872,11080.0,,1419.0,674.806,3689.6,,,FALSE POSITIVE
0.5438807,0.78,3390.0,6.46581,1655.0,1246.75,5259.0,4.41,0.98,FALSE POSITIVE
0.77685,1.43,830.0,3.28324,2240.0,4180.32,5190.0,4.42,0.96,CONFIRMED
3.6525305,4.153,9770.0,14.7302,1553.0,967.919,5930.0,4.14,1.47,CONFIRMED
3.0223957,3.272,14800.0,11.507,1477.0,791.733,4653.0,4.56,0.75,FALSE POSITIVE
2.0180196,1.967,15190.0,12.168,1330.0,520.136,5544.0,4.47,0.96,CONFIRMED
3.1785277,5.974,20330.0,,1476.0,788.118,3540.7,,,FALSE POSITIVE
2.3651663,2.462,15360.0,19.4747,1504.0,851.541,5805.0,4.1,1.51,FALSE POSITIVE
3.0591641,4.25,2110.0,7.01214,1928.0,2296.74,4999.4,,1.59,FALSE POSITIVE
1.26092,2.718,4825.94,8.46782,2344.0,5014.81,5875.0,4.36,1.11,FALSE POSITIVE
4.6658007,2.609,565.0,2.17821,1068.0,216.429,6365.0,4.54516,1.02,CONFIRMED
2.6535777,2.1014914,1446.2753601,6.685956,2138.3618868,4941.3523429,8037.0,4.26402,1.70185,FALSE POSITIVE
8.8088443,4.411,3550.0,10.7596,1985.0,2579.38,8072.0,4.37,1.58,FALSE POSITIVE
17.7082945,3.449,2341.0,11.7171,881.0,100.109,7859.0,4.12,2.8,FALSE POSITIVE
18.0953159,2.627,3176.0,12.0619,688.0,37.2117,6509.8,3.99,1.8,CONFIRMED
5.8769438,4.5933803,7168.7849256,12.3925008,1212.8090781,511.3176191,5805.0,4.13,1.4484,CONFIRMED
3.5463582,4.168,6020.0,,1535.0,922.838,5453.0,,,FALSE POSITIVE
6.87168,3.16,39248.4,28.967,1230.0,380.128,5446.0,4.43,1.33,FALSE POSITIVE
11.0701242,4.097,11750.0,,,,,,,FALSE POSITIVE
1.2368321,2.144,1930.0,7.3968,2135.0,3451.44,6117.0,4.1,1.59,FALSE POSITIVE
0.5241284,1.017,2400.0,16.7968,3137.0,16094.6,5860.0,3.88,1.95,FALSE POSITIVE
1.6117444,1.524,3120.0,6.63491,1502.0,847.062,6056.0,4.38,1.14,FALSE POSITIVE
3.3630421,2.776,20990.0,20.7277,1323.0,509.118,5982.0,4.17,1.42,FALSE POSITIVE
2.2623261,3.048,2940.0,4.86815,1819.0,1819.52,5786.0,4.56,0.89,FALSE POSITIVE
0.845657,1.824,390.0,8.90314,1929.0,2301.5,4969.9,,4.52,FALSE POSITIVE
1.680148,1.217,1420.0,9.76407,1364.0,575.779,5750.5,3.81,2.35,FALSE POSITIVE
6.73069,3.503,14721.7,22.1494,1288.0,457.721,6048.2,4.28,1.66,FALSE POSITIVE
1.1104301,1.604,4870.0,,,,,,,FALSE POSITIVE
2.642447,4.373,4700.0,,2889.0,11564.4,8779.8,,,FALSE POSITIVE
3.4714171,3.006,3580.0,,,,,,,FALSE POSITIVE
15.8346011,4.676,18000.0,16.7304,915.0,116.829,5713.1,4.37,1.09,FALSE POSITIVE
10.45776,3.148,8773.24,,792.0,65.5508,5800.0,4.38,,FALSE POSITIVE
1.5971426,3.316,2150.0,7.98964,2337.0,4957.19,6263.0,4.03,1.77,FALSE POSITIVE
2.5313424,2.246,5830.0,,2281.0,4500.49,9598.5,,,FALSE POSITIVE
0.6691882,1.347,2850.0,9.96751,2570.0,7244.35,6623.0,4.09,1.76,FALSE POSITIVE
11.8885643,2.567,35450.0,19.2143,580.0,18.8935,4427.0,4.52,0.75,FALSE POSITIVE
1.3955317,2.62,960.0,10.461,2089.0,3163.13,4957.2,3.34,3.29,FALSE POSITIVE
1.7167587,2.044,13620.0,,1066.0,215.049,3917.3,,,FALSE POSITIVE
1.862908,4.562,3420.0,13.9775,3340.0,20675.8,5626.0,4.15,1.39,FALSE POSITIVE
0.7799194,1.543,1920.0,9.09676,1991.0,2609.72,5473.0,3.8,2.04,FALSE POSITIVE
3.3789946,3.332,11150.0,8.56973,1190.0,333.667,4809.0,4.51,0.82,FALSE POSITIVE
1.5810556,2.437,33340.0,13.941,1780.0,1668.68,5985.0,4.72,0.76,FALSE POSITIVE
0.9714298,1.251,1650.0,8.81333,1981.0,2557.87,6495.0,3.89,2.18,FALSE POSITIVE
2.6520851,3.56,10880.0,,,,6054.0,4.29,,FALSE POSITIVE
2.1570462,2.3436622,17928.3672773,14.5949243,1448.8262904,1041.3249499,5863.0,4.42,1.04535,FALSE POSITIVE
1.7561019,2.858,11010.0,8.43478,1571.0,1012.39,4896.0,4.52,0.81,FALSE POSITIVE
1.2997811,2.35,7140.0,13.6803,2068.0,3036.53,6053.0,4.08,1.61,FALSE POSITIVE
1.7113115,1.562,9840.0,,1740.0,1522.7,6845.2,,,FALSE POSITIVE
3.3418892,2.084,24860.0,13.4003,928.0,123.578,4874.0,4.53,0.8,FALSE POSITIVE
0.8912218,1.846,9160.0,15.1782,2274.0,4445.59,6245.0,4.12,1.59,FALSE POSITIVE
1.5380702,2.226,8770.0,18.9812,1862.0,1996.94,6125.0,3.87,2.06,FALSE POSITIVE
1.9740614,2.1627229,19601.2829646,,1452.9285261,1053.2751311,3633.7,,,FALSE POSITIVE
1.8532983,1.197,10790.0,,1304.0,480.295,6292.8,,,FALSE POSITIVE
5.6133922,1.424,15850.0,15.2695,861.0,91.3894,5848.0,4.41,1.07,FALSE POSITIVE
3.1198404,1.7646723,8016.8009531,12.1758,1324.8877848,728.1777183,6011.2,,1.13476,CONFIRMED
2.5313956,3.128,9640.0,23.2858,2166.0,3659.88,5854.0,4.36,1.13,FALSE POSITIVE
4.2021893,2.742,9310.0,14.1363,1332.0,523.564,6702.0,4.29,1.42,FALSE POSITIVE
0.3093954,0.442,7680.0,15.7244,1789.0,1703.73,4769.0,4.59,0.73,FALSE POSITIVE
1.8639309,3.297,3640.0,14.7339,3289.0,19428.3,6527.4,4.18,1.57,FALSE POSITIVE
0.476873,1.135,1930.0,16.2032,2388.0,5402.97,5877.0,,3.57,FALSE POSITIVE
4.1273472,2.74,18840.0,20.1447,1582.0,1041.76,7795.0,4.39,1.44,FALSE POSITIVE
1.3298469,3.007,2190.0,6.98364,3735.0,32313.0,5791.1,4.69,0.81,FALSE POSITIVE
4.3170598,2.879,10240.0,12.9424,1215.0,361.994,6017.0,4.29,1.25,FALSE POSITIVE
1.764534,2.187,27120.0,23.84,2124.0,3379.0,6479.0,4.4,1.2,FALSE POSITIVE
4.4178042,2.5881434,6790.1682056,6.4020317,861.4483375,130.1481354,4864.0,4.55,0.785799,CONFIRMED
0.9399664,1.122492,587.9364245,6.6149456,3122.4488768,22464.7891996,6300.3,3.72,2.5465,FALSE POSITIVE
2.7568649,2.312,18380.0,,,,,,,FALSE POSITIVE
5.2667367,2.788,2910.0,8.71675,1106.0,248.814,5938.0,4.06,1.6,CONFIRMED
1.3176767,1.692,530.0,4.16809,2137.0,3463.78,7176.0,4.16,1.73,FALSE POSITIVE
3.310636,3.9,590.0,,935.0,126.954,3245.0,,,FALSE POSITIVE
3.121339,4.331,26300.0,9.21314,1091.0,235.634,3858.0,4.69,0.56,FALSE POSITIVE
3.0373017,4.664,6290.0,,2095.0,3202.79,4903.0,,,FALSE POSITIVE
8.0635,3.396,5180.0,24.3071,1390.0,621.088,5657.0,3.97,1.71,FALSE POSITIVE
2.6816329,2.695,3100.0,13.2689,1829.0,1859.62,7047.0,3.89,2.34,FALSE POSITIVE
1.7384809,2.6777485,3882.8974217,12.9358521,1915.6210676,3182.4341084,5540.0,3.95,1.72093,FALSE POSITIVE
5.6902814,2.344,21290.0,12.9495,925.0,121.736,5400.1,,0.86,FALSE POSITIVE
19.8875338,1.34,3020.0,13.605,565.0,17.0243,5856.2,4.07,1.57,FALSE POSITIVE
2.6342729,3.998,3190.0,,,,,,,FALSE POSITIVE
3.9365629,2.19,15461.0,8.09927,706.0,41.2897,3689.0,4.64,0.61,CONFIRMED
2.6340964,3.477,2250.0,4.1106,1601.0,1091.48,5163.2,,0.83,FALSE POSITIVE
5.0859432,2.57,7091.0,13.8966,,756.586,6360.4,,1.48,FALSE POSITIVE
1.5492212,2.287,1420.0,6.80431,2685.0,8634.8,8364.0,4.25,1.78,FALSE POSITIVE
3.1004285,3.513,12784.0,,3188.0,17168.8,8951.0,,,FALSE POSITIVE
2.3882776,3.102,12572.0,18.5453,1950.0,2401.38,5097.0,4.5,0.87,FALSE POSITIVE
3.5639862,2.135,2126.0,10.1033,1451.0,737.328,6940.9,3.85,2.41,FALSE POSITIVE
4.7150255,3.302,4566.0,17.6148,1827.0,1853.5,5756.9,3.9,1.2,FALSE POSITIVE
2.4254068,3.323,1910.0,11.0715,2552.0,7043.91,8290.0,3.95,2.51,FALSE POSITIVE
3.6923071,1.139,14130.0,14.2002,1226.0,375.352,8469.0,4.68,1.1,FALSE POSITIVE
4.8542148,5.588206,7842.3157995,18.9133256,1779.7012929,2370.8794126,7259.3,4.03,2.0394399,FALSE POSITIVE
1.38665,2.238,24680.0,15.5656,1652.0,1237.91,5444.0,4.48,0.93,FALSE POSITIVE
3.105654,1.999,12400.0,17.6225,1403.0,643.523,6241.0,4.2,1.44,FALSE POSITIVE
3.246208,3.4201513,9405.9910446,13.2996429,1471.4303775,1107.8472213,6088.0,4.24,1.34548,CONFIRMED
9.0881638,3.402,24660.0,12.8974,765.0,57.0645,5211.0,4.58,0.8,CONFIRMED
2.1547472,1.6582238,49552.1823437,11.6102486,689.8799484,53.5321999,3538.0,4.73,0.50843,CONFIRMED
4.7262208,3.2344044,9512.9165619,12.4034204,1177.5798524,454.4461913,5947.0,4.36,1.1428699,FALSE POSITIVE
6.5019596,3.078,7130.0,,2739.0,9344.79,13253.0,,,FALSE POSITIVE
1.632,1.466,5500.0,9.24379,1484.0,806.657,5997.0,4.39,1.11,FALSE POSITIVE
2.1263167,2.6213684,7318.4567789,22.1075367,2264.6722133,6216.4494671,6361.4,3.83,2.2823701,FALSE POSITIVE
8.9279009,3.278,49560.0,15.0384,570.0,17.5959,3916.0,4.59,0.67,FALSE POSITIVE
1.8012697,3.182,1800.0,3.19942,1576.0,1024.77,4570.0,4.54,0.75,FALSE POSITIVE
3.6502527,2.506,9000.0,21.323,1722.0,1462.84,6630.3,4.0,1.95,FALSE POSITIVE
5.5455798,3.1170996,8040.2832674,10.3353813,1002.1907807,238.4089829,5354.0,4.34,1.07607,CONFIRMED
3.4391954,1.6681096,32914.4087358,12.4377309,705.1521561,58.4322157,3902.0,4.62,0.637223,CONFIRMED
1.6882863,2.636,5190.0,,,,,,,FALSE POSITIVE
1.55028,1.571,23529.8,14.723,1806.0,1769.75,5039.5,,0.87,FALSE POSITIVE
3.10926,2.506,5448.84,9.58224,1338.0,532.263,5894.0,4.32,1.18,FALSE POSITIVE
3.2583798,2.196,4800.0,6.27906,1043.0,197.102,4992.1,4.44,0.9,FALSE POSITIVE
4.6747218,1.61,8200.0,4.73219,513.0,11.5347,3502.0,4.74,0.5,CONFIRMED